{"v":"5.6.10","fr":60,"ip":0,"op":336,"w":2000,"h":1250,"nm":"boy_interaction 2","ddd":0,"assets":[],"layers":[{"ddd":0,"ind":1,"ty":4,"nm":"shoulder","sr":1,"ks":{"o":{"a":0,"k":100,"ix":11},"r":{"a":1,"k":[{"i":{"x":[0.6],"y":[1]},"o":{"x":[0.4],"y":[0]},"t":0,"s":[0]},{"i":{"x":[0.833],"y":[0.833]},"o":{"x":[0.167],"y":[0.167]},"t":59.92,"s":[15.4]},{"i":{"x":[0.6],"y":[1]},"o":{"x":[0.4],"y":[0]},"t":61.039,"s":[15.4]},{"i":{"x":[0.833],"y":[0.833]},"o":{"x":[0.167],"y":[0.167]},"t":104.16,"s":[6.6]},{"i":{"x":[0.6],"y":[1]},"o":{"x":[0.4],"y":[0]},"t":110.32,"s":[6.6]},{"i":{"x":[0.6],"y":[1]},"o":{"x":[0.4],"y":[0]},"t":121.801,"s":[1.2]},{"i":{"x":[0.833],"y":[0.833]},"o":{"x":[0.167],"y":[0.167]},"t":133.279,"s":[6.6]},{"i":{"x":[0.6],"y":[1]},"o":{"x":[0.4],"y":[0]},"t":144.48,"s":[6.6]},{"i":{"x":[0.6],"y":[1]},"o":{"x":[0.4],"y":[0]},"t":187.6,"s":[19.5]},{"i":{"x":[0.833],"y":[1]},"o":{"x":[0.4],"y":[0]},"t":216.16,"s":[12.9]},{"i":{"x":[0.6],"y":[1]},"o":{"x":[0.4],"y":[0]},"t":221.199,"s":[12.9]},{"i":{"x":[0.6],"y":[1]},"o":{"x":[0.4],"y":[0]},"t":234.641,"s":[12.3]},{"i":{"x":[0.833],"y":[0.833]},"o":{"x":[0.167],"y":[0.167]},"t":248.641,"s":[12.9]},{"i":{"x":[0.6],"y":[1]},"o":{"x":[0.4],"y":[0]},"t":255.359,"s":[12.9]},{"i":{"x":[0.833],"y":[0.833]},"o":{"x":[0.167],"y":[0.167]},"t":291.199,"s":[15.6]},{"i":{"x":[0.6],"y":[1]},"o":{"x":[0.4],"y":[0]},"t":301.279,"s":[15.6]},{"t":334.880859375,"s":[0]}],"ix":10},"p":{"a":0,"k":[929.15,506.434,0],"ix":2},"a":{"a":0,"k":[32.142,27.825,0],"ix":1},"s":{"a":0,"k":[100,100,100],"ix":6}},"ao":0,"shapes":[{"ty":"gr","it":[{"ind":0,"ty":"sh","ix":1,"ks":{"a":0,"k":{"i":[[0,0],[24.453,-11.713],[0,0],[0,0]],"o":[[0,0],[-24.453,11.714],[0,0],[0,0]],"v":[[30.787,16.871],[-12.604,-32.749],[-2.684,44.462],[37.057,24.708]],"c":true},"ix":2},"nm":"Path 1","mn":"ADBE Vector Shape - Group","hd":false},{"ty":"fl","c":{"a":0,"k":[0.957000014361,0.305999995213,0.305999995213,1],"ix":4},"o":{"a":0,"k":100,"ix":5},"r":1,"bm":0,"nm":"Fill 1","mn":"ADBE Vector Graphic - Fill","hd":false},{"ty":"tr","p":{"a":0,"k":[37.307,44.712],"ix":2},"a":{"a":0,"k":[0,0],"ix":1},"s":{"a":0,"k":[100,100],"ix":3},"r":{"a":0,"k":0,"ix":6},"o":{"a":0,"k":100,"ix":7},"sk":{"a":0,"k":0,"ix":4},"sa":{"a":0,"k":0,"ix":5},"nm":"Transform"}],"nm":"Group 1","np":2,"cix":2,"bm":0,"ix":1,"mn":"ADBE Vector Group","hd":false}],"ip":0,"op":601,"st":0,"bm":0},{"ddd":0,"ind":2,"ty":4,"nm":"hand","parent":1,"sr":1,"ks":{"o":{"a":0,"k":100,"ix":11},"r":{"a":1,"k":[{"i":{"x":[0.6],"y":[1]},"o":{"x":[0.4],"y":[0]},"t":0,"s":[0]},{"i":{"x":[0.833],"y":[0.833]},"o":{"x":[0.167],"y":[0.167]},"t":59.92,"s":[1.9]},{"i":{"x":[0.6],"y":[1]},"o":{"x":[0.4],"y":[0]},"t":61.039,"s":[1.9]},{"i":{"x":[0.833],"y":[0.833]},"o":{"x":[0.167],"y":[0.167]},"t":104.16,"s":[3.8]},{"i":{"x":[0.6],"y":[1]},"o":{"x":[0.4],"y":[0]},"t":110.32,"s":[3.8]},{"i":{"x":[0.6],"y":[1]},"o":{"x":[0.4],"y":[0]},"t":121.801,"s":[4.8]},{"i":{"x":[0.833],"y":[0.833]},"o":{"x":[0.167],"y":[0.167]},"t":133.279,"s":[3.8]},{"i":{"x":[0.6],"y":[1]},"o":{"x":[0.4],"y":[0]},"t":221.199,"s":[3.8]},{"i":{"x":[0.6],"y":[1]},"o":{"x":[0.4],"y":[0]},"t":234.641,"s":[2.1]},{"i":{"x":[0.833],"y":[0.833]},"o":{"x":[0.167],"y":[0.167]},"t":248.641,"s":[3.8]},{"i":{"x":[0.6],"y":[1]},"o":{"x":[0.4],"y":[0]},"t":255.359,"s":[3.8]},{"i":{"x":[0.833],"y":[0.833]},"o":{"x":[0.167],"y":[0.167]},"t":291.199,"s":[2.9]},{"i":{"x":[0.6],"y":[1]},"o":{"x":[0.4],"y":[0]},"t":301.279,"s":[2.9]},{"t":334.880859375,"s":[0]}],"ix":10},"p":{"a":0,"k":[48.781,71.773,0],"ix":2},"a":{"a":0,"k":[14.419,99.026,0],"ix":1},"s":{"a":0,"k":[100,100,100],"ix":6}},"ao":0,"shapes":[{"ty":"gr","it":[{"ind":0,"ty":"sh","ix":1,"ks":{"a":0,"k":{"i":[[-24.441,-23.149],[-4.163,-1.794],[2.07,-6.161],[4.183,3.495],[16.097,16.839],[0,0],[0,0]],"o":[[0,0],[2.212,5.831],[-1.964,5.846],[-11.421,-10.52],[-14.758,-15.439],[0,0],[0,0]],"v":[[-61.583,31.356],[-30.541,58.79],[-28.49,78.275],[-44.262,85.751],[-91.884,32.355],[-112.709,-4.824],[-88.834,-8.346]],"c":true},"ix":2},"nm":"Path 1","mn":"ADBE Vector Shape - Group","hd":false},{"ty":"fl","c":{"a":0,"k":[0.917999985639,0.760999971278,0.670999983245,1],"ix":4},"o":{"a":0,"k":100,"ix":5},"r":1,"bm":0,"nm":"Fill 1","mn":"ADBE Vector Graphic - Fill","hd":false},{"ty":"tr","p":{"a":0,"k":[112.959,96.522],"ix":2},"a":{"a":0,"k":[0,0],"ix":1},"s":{"a":0,"k":[100,100],"ix":3},"r":{"a":0,"k":0,"ix":6},"o":{"a":0,"k":100,"ix":7},"sk":{"a":0,"k":0,"ix":4},"sa":{"a":0,"k":0,"ix":5},"nm":"Transform"}],"nm":"Group 1","np":2,"cix":2,"bm":0,"ix":1,"mn":"ADBE Vector Group","hd":false}],"ip":0,"op":601,"st":0,"bm":0},{"ddd":0,"ind":3,"ty":4,"nm":"hand 2","parent":2,"sr":1,"ks":{"o":{"a":0,"k":100,"ix":11},"r":{"a":1,"k":[{"i":{"x":[0.6],"y":[1]},"o":{"x":[0.4],"y":[0]},"t":110.32,"s":[0]},{"i":{"x":[0.6],"y":[1]},"o":{"x":[0.4],"y":[0]},"t":121.801,"s":[2.9]},{"i":{"x":[0.833],"y":[1]},"o":{"x":[0.4],"y":[0]},"t":133.279,"s":[0]},{"i":{"x":[0.6],"y":[1]},"o":{"x":[0.4],"y":[0]},"t":221.199,"s":[0]},{"i":{"x":[0.6],"y":[1]},"o":{"x":[0.4],"y":[0]},"t":234.641,"s":[5]},{"i":{"x":[0.833],"y":[1]},"o":{"x":[0.167],"y":[0]},"t":248.641,"s":[0]},{"i":{"x":[0.6],"y":[1]},"o":{"x":[0.4],"y":[0]},"t":255.359,"s":[0]},{"i":{"x":[0.833],"y":[1]},"o":{"x":[0.167],"y":[0]},"t":291.199,"s":[-39.8]},{"i":{"x":[0.6],"y":[1]},"o":{"x":[0.4],"y":[0]},"t":301.279,"s":[-39.8]},{"t":334.880859375,"s":[0]}],"ix":10},"p":{"a":0,"k":[79.669,173.026,0],"ix":2},"a":{"a":0,"k":[79.669,173.026,0],"ix":1},"s":{"a":0,"k":[100,100,100],"ix":6}},"ao":0,"shapes":[{"ty":"gr","it":[{"ind":0,"ty":"sh","ix":1,"ks":{"a":0,"k":{"i":[[-4.462,4.315],[-4.111,9.547],[5.302,-11.073],[5.138,-3.98],[11.42,10.52]],"o":[[4.462,-4.316],[4.111,-9.547],[-5.302,11.074],[-5.138,3.979],[-11.421,-10.52]],"v":[[-29.666,57.415],[61.001,-44.152],[64.601,-23.33],[-26.365,87.9],[-44.262,85.751]],"c":true},"ix":2},"nm":"Path 1","mn":"ADBE Vector Shape - Group","hd":false},{"ty":"fl","c":{"a":0,"k":[0.917999985639,0.760999971278,0.670999983245,1],"ix":4},"o":{"a":0,"k":100,"ix":5},"r":1,"bm":0,"nm":"Fill 1","mn":"ADBE Vector Graphic - Fill","hd":false},{"ty":"tr","p":{"a":0,"k":[112.959,96.522],"ix":2},"a":{"a":0,"k":[0,0],"ix":1},"s":{"a":0,"k":[100,100],"ix":3},"r":{"a":0,"k":0,"ix":6},"o":{"a":0,"k":100,"ix":7},"sk":{"a":0,"k":0,"ix":4},"sa":{"a":0,"k":0,"ix":5},"nm":"Transform"}],"nm":"Group 1","np":2,"cix":2,"bm":0,"ix":1,"mn":"ADBE Vector Group","hd":false}],"ip":0,"op":601,"st":0,"bm":0},{"ddd":0,"ind":4,"ty":4,"nm":"hand 3","parent":3,"sr":1,"ks":{"o":{"a":0,"k":100,"ix":11},"r":{"a":1,"k":[{"i":{"x":[0.6],"y":[1]},"o":{"x":[0.4],"y":[0]},"t":110.32,"s":[0]},{"i":{"x":[0.6],"y":[1]},"o":{"x":[0.4],"y":[0]},"t":121.801,"s":[9.3]},{"i":{"x":[0.833],"y":[1]},"o":{"x":[0.4],"y":[0]},"t":133.279,"s":[0]},{"i":{"x":[0.6],"y":[1]},"o":{"x":[0.4],"y":[0]},"t":221.199,"s":[0]},{"i":{"x":[0.6],"y":[1]},"o":{"x":[0.4],"y":[0]},"t":234.641,"s":[4.8]},{"i":{"x":[0.833],"y":[1]},"o":{"x":[0.167],"y":[0]},"t":248.641,"s":[0]},{"i":{"x":[0.6],"y":[1]},"o":{"x":[0.4],"y":[0]},"t":255.359,"s":[0]},{"i":{"x":[0.833],"y":[1]},"o":{"x":[0.167],"y":[0]},"t":291.199,"s":[-4]},{"i":{"x":[0.6],"y":[1]},"o":{"x":[0.4],"y":[0]},"t":301.279,"s":[-4]},{"t":334.880859375,"s":[0]}],"ix":10},"p":{"a":0,"k":[179.107,58.343,0],"ix":2},"a":{"a":0,"k":[179.107,58.343,0],"ix":1},"s":{"a":0,"k":[100,100,100],"ix":6}},"ao":0,"shapes":[{"ty":"gr","it":[{"ind":0,"ty":"sh","ix":1,"ks":{"a":1,"k":[{"i":{"x":0.833,"y":0.833},"o":{"x":0.167,"y":0.167},"t":271.039,"s":[{"i":[[-4.111,9.547],[1.027,5.568],[-10.882,1.969],[1.677,-4.224],[0,0],[4.213,-2.261],[-1.361,-4.048],[0.739,-7.85],[9.1,-5.593],[6.499,-10.416]],"o":[[4.111,-9.547],[-1.027,-5.567],[10.882,-1.968],[-1.677,4.224],[0,0],[-4.212,2.261],[1.36,4.047],[-0.74,7.851],[-9.101,5.593],[-9.93,1.702]],"v":[[61.001,-44.152],[73.911,-86.889],[81.151,-93.829],[111.032,-92.048],[100.748,-87.463],[107.679,-82.473],[90.823,-74.272],[93.471,-53.097],[80.602,-36.1],[64.601,-23.33]],"c":true}]},{"i":{"x":0.833,"y":0.833},"o":{"x":0.167,"y":0.167},"t":273,"s":[{"i":[[-4.111,9.547],[-3.286,4.611],[-5.832,2.814],[-3.434,-2.977],[0,0],[1.03,-2.8],[3.096,-5.863],[3.538,-6.015],[7.806,-9.827],[6.933,-6.475]],"o":[[4.111,-9.547],[2.587,-3.63],[3.887,-1.876],[2.959,2.565],[0,0],[-1.115,3.032],[-1.994,3.775],[-3.998,6.797],[-6.644,8.365],[-9.93,1.702]],"v":[[61.001,-44.152],[80.604,-79.338],[89.347,-86.766],[100.263,-89.63],[101.467,-83.458],[99.397,-78.287],[95.023,-67.74],[88.992,-55.881],[78.869,-38.363],[64.601,-23.33]],"c":true}]},{"i":{"x":0.833,"y":0.833},"o":{"x":0.167,"y":0.167},"t":274.961,"s":[{"i":[[-0.072,10.394],[-21.128,4.598],[-3.786,2.937],[-2.366,0.806],[-2.583,1.707],[-0.498,-2.941],[-0.564,-6.607],[1.52,-5.562],[9.896,-7.719],[6.933,-6.475]],"o":[[0.085,-12.322],[4.355,-0.948],[3.41,-2.645],[0.862,-3.633],[2.583,-1.707],[0.723,4.274],[0.302,3.533],[-7.792,1.76],[-6.917,5.396],[-9.93,1.702]],"v":[[56.399,-38.6],[89.707,-67.83],[89.585,-84.227],[97.613,-81.109],[96.999,-91.214],[106.21,-83.356],[109.244,-71.533],[111.326,-60.334],[80.309,-37.71],[64.601,-23.33]],"c":true}]},{"i":{"x":0.833,"y":0.833},"o":{"x":0.167,"y":0.167},"t":314.16,"s":[{"i":[[-0.072,10.394],[-21.128,4.598],[-3.786,2.937],[-2.366,0.806],[-2.583,1.707],[-0.498,-2.941],[-0.564,-6.607],[1.52,-5.562],[9.896,-7.719],[6.933,-6.475]],"o":[[0.085,-12.322],[4.355,-0.948],[3.41,-2.645],[0.862,-3.633],[2.583,-1.707],[0.723,4.274],[0.302,3.533],[-7.792,1.76],[-6.917,5.396],[-9.93,1.702]],"v":[[56.399,-38.6],[89.707,-67.83],[89.585,-84.227],[97.613,-81.109],[96.999,-91.214],[106.21,-83.356],[109.244,-71.533],[111.326,-60.334],[80.309,-37.71],[64.601,-23.33]],"c":true}]},{"i":{"x":0.833,"y":0.833},"o":{"x":0.167,"y":0.167},"t":316.119,"s":[{"i":[[-4.111,9.547],[-3.286,4.611],[-5.832,2.814],[-3.434,-2.977],[0,0],[1.03,-2.8],[3.096,-5.863],[3.538,-6.015],[7.806,-9.827],[6.933,-6.475]],"o":[[4.111,-9.547],[2.587,-3.63],[3.887,-1.876],[2.959,2.565],[0,0],[-1.115,3.032],[-1.994,3.775],[-3.998,6.797],[-6.644,8.365],[-9.93,1.702]],"v":[[61.001,-44.152],[80.604,-79.338],[89.347,-86.766],[100.263,-89.63],[101.467,-83.458],[99.397,-78.287],[95.023,-67.74],[88.992,-55.881],[78.869,-38.363],[64.601,-23.33]],"c":true}]},{"t":318.080078125,"s":[{"i":[[-4.111,9.547],[1.027,5.568],[-10.882,1.969],[1.677,-4.224],[0,0],[4.213,-2.261],[-1.361,-4.048],[0.739,-7.85],[9.1,-5.593],[6.499,-10.416]],"o":[[4.111,-9.547],[-1.027,-5.567],[10.882,-1.968],[-1.677,4.224],[0,0],[-4.212,2.261],[1.36,4.047],[-0.74,7.851],[-9.101,5.593],[-9.93,1.702]],"v":[[61.001,-44.152],[73.911,-86.889],[81.151,-93.829],[111.032,-92.048],[100.748,-87.463],[107.679,-82.473],[90.823,-74.272],[93.471,-53.097],[80.602,-36.1],[64.601,-23.33]],"c":true}]}],"ix":2},"nm":"Path 1","mn":"ADBE Vector Shape - Group","hd":false},{"ty":"fl","c":{"a":0,"k":[0.917999985639,0.760999971278,0.670999983245,1],"ix":4},"o":{"a":0,"k":100,"ix":5},"r":1,"bm":0,"nm":"Fill 1","mn":"ADBE Vector Graphic - Fill","hd":false},{"ty":"tr","p":{"a":0,"k":[112.959,96.522],"ix":2},"a":{"a":0,"k":[0,0],"ix":1},"s":{"a":0,"k":[100,100],"ix":3},"r":{"a":0,"k":0,"ix":6},"o":{"a":0,"k":100,"ix":7},"sk":{"a":0,"k":0,"ix":4},"sa":{"a":0,"k":0,"ix":5},"nm":"Transform"}],"nm":"Group 1","np":2,"cix":2,"bm":0,"ix":1,"mn":"ADBE Vector Group","hd":false}],"ip":0,"op":601,"st":0,"bm":0},{"ddd":0,"ind":5,"ty":4,"nm":"Layer 7","sr":1,"ks":{"o":{"a":0,"k":100,"ix":11},"r":{"a":0,"k":0,"ix":10},"p":{"a":0,"k":[911.087,579.724,0],"ix":2},"a":{"a":0,"k":[66.168,129.566,0],"ix":1},"s":{"a":0,"k":[100,100,100],"ix":6}},"ao":0,"shapes":[{"ty":"gr","it":[{"ind":0,"ty":"sh","ix":1,"ks":{"a":0,"k":{"i":[[1.812,7.358],[18.711,19.691],[2.536,1.142],[10.106,-16.728],[4.943,-18.781],[0.403,-22.037],[0.755,-13.44],[2.14,-9.147],[-2.32,-6.188],[-4.134,-0.135],[-14.24,7.037],[-15.006,1.241],[3.371,13.541],[3.303,22.658]],"o":[[-6.535,-26.539],[-1.916,-2.015],[-23.514,-10.59],[-10.118,16.752],[-5.619,21.347],[-0.246,13.419],[-0.527,9.377],[-1.424,6.084],[1.836,4.899],[16.014,0.525],[13.006,-6.426],[7.446,-0.615],[-7.988,-32.086],[-1.07,-7.336]],"v":[[38.412,-19.654],[20.262,-110.528],[13.775,-115.684],[-34.022,-90.244],[-48.855,-36.595],[-53.749,28.995],[-53.116,69.189],[-57.118,97.033],[-64.17,121.375],[-49.775,124.563],[-3.83,113.306],[35.582,95.663],[63.118,84.558],[42.712,2.446]],"c":true},"ix":2},"nm":"Path 1","mn":"ADBE Vector Shape - Group","hd":false},{"ty":"fl","c":{"a":0,"k":[0.842999985639,0.219999994016,0.305999995213,1],"ix":4},"o":{"a":0,"k":100,"ix":5},"r":1,"bm":0,"nm":"Fill 1","mn":"ADBE Vector Graphic - Fill","hd":false},{"ty":"tr","p":{"a":0,"k":[66.739,126.524],"ix":2},"a":{"a":0,"k":[0,0],"ix":1},"s":{"a":0,"k":[100,100],"ix":3},"r":{"a":0,"k":0,"ix":6},"o":{"a":0,"k":100,"ix":7},"sk":{"a":0,"k":0,"ix":4},"sa":{"a":0,"k":0,"ix":5},"nm":"Transform"}],"nm":"Group 1","np":2,"cix":2,"bm":0,"ix":1,"mn":"ADBE Vector Group","hd":false}],"ip":0,"op":601,"st":0,"bm":0},{"ddd":0,"ind":6,"ty":4,"nm":"foot_front","sr":1,"ks":{"o":{"a":0,"k":100,"ix":11},"r":{"a":1,"k":[{"i":{"x":[0.667],"y":[1]},"o":{"x":[0.333],"y":[0]},"t":0,"s":[0]},{"i":{"x":[0.667],"y":[1]},"o":{"x":[0.333],"y":[0]},"t":33.6,"s":[-5.6]},{"i":{"x":[0.667],"y":[1]},"o":{"x":[0.333],"y":[0]},"t":67.199,"s":[0]},{"i":{"x":[0.667],"y":[1]},"o":{"x":[0.333],"y":[0]},"t":100.801,"s":[-5.6]},{"i":{"x":[0.667],"y":[1]},"o":{"x":[0.333],"y":[0]},"t":134.4,"s":[0]},{"i":{"x":[0.667],"y":[1]},"o":{"x":[0.333],"y":[0]},"t":168,"s":[-5.6]},{"i":{"x":[0.667],"y":[1]},"o":{"x":[0.333],"y":[0]},"t":201.6,"s":[0]},{"i":{"x":[0.667],"y":[1]},"o":{"x":[0.333],"y":[0]},"t":235.199,"s":[-5.6]},{"i":{"x":[0.667],"y":[1]},"o":{"x":[0.333],"y":[0]},"t":268.801,"s":[0]},{"i":{"x":[0.667],"y":[1]},"o":{"x":[0.333],"y":[0]},"t":302.4,"s":[-5.6]},{"t":336,"s":[0]}],"ix":10},"p":{"a":0,"k":[920.93,1103.704,0],"ix":2},"a":{"a":0,"k":[50.665,469.353,0],"ix":1},"s":{"a":0,"k":[100,100,100],"ix":6}},"ao":0,"shapes":[{"ty":"gr","it":[{"ind":0,"ty":"sh","ix":1,"ks":{"a":0,"k":{"i":[[6.231,-10.293],[27.739,-2.059],[5.628,4.117],[-9.247,0],[-16.304,11.94],[-24.323,-5.147]],"o":[[0,0],[-27.74,2.058],[-5.628,-4.117],[9.246,0],[13.968,-10.229],[24.322,5.146]],"v":[[54.776,15.922],[12.564,22.922],[-51.76,21.892],[-51.76,-17.221],[-22.613,-15.78],[26.836,-1.576]],"c":true},"ix":2},"nm":"Path 1","mn":"ADBE Vector Shape - Group","hd":false},{"ty":"fl","c":{"a":0,"k":[0.991999966491,0.773000021542,0.063000002094,1],"ix":4},"o":{"a":0,"k":100,"ix":5},"r":1,"bm":0,"nm":"Fill 1","mn":"ADBE Vector Graphic - Fill","hd":false},{"ty":"tr","p":{"a":0,"k":[86.076,447.114],"ix":2},"a":{"a":0,"k":[0,0],"ix":1},"s":{"a":0,"k":[100,100],"ix":3},"r":{"a":0,"k":0,"ix":6},"o":{"a":0,"k":100,"ix":7},"sk":{"a":0,"k":0,"ix":4},"sa":{"a":0,"k":0,"ix":5},"nm":"Transform"}],"nm":"Group 2","np":2,"cix":2,"bm":0,"ix":1,"mn":"ADBE Vector Group","hd":false}],"ip":0,"op":601,"st":0,"bm":0},{"ddd":0,"ind":7,"ty":4,"nm":"Layer 8","sr":1,"ks":{"o":{"a":0,"k":100,"ix":11},"r":{"a":0,"k":0,"ix":10},"p":{"a":0,"k":[943.43,871.704,0],"ix":2},"a":{"a":0,"k":[73.165,237.353,0],"ix":1},"s":{"a":0,"k":[100,100,100],"ix":6}},"ao":0,"shapes":[{"ty":"gr","it":[{"ind":0,"ty":"sh","ix":1,"ks":{"a":0,"k":{"i":[[3.156,7.372],[2.118,1.689],[-3.1,20.584],[2.934,48.83],[-10.889,46.458],[26.111,-4.939],[12.333,2.16],[6.618,-2.112],[-4.632,-14.847],[-1.494,-31.314],[5.274,-44.056],[2.881,-21.549],[-7.046,-11.373],[-14.406,0.353]],"o":[[-0.927,-2.165],[-19.371,-15.445],[7.352,-48.82],[-2.863,-47.663],[3.956,-16.878],[-12.368,2.339],[-6.489,-1.137],[-22.555,7.197],[9.223,29.568],[2.12,44.401],[-2.584,21.588],[-1.68,12.567],[9.679,15.622],[10.825,-0.266]],"v":[[47.798,185.777],[42.312,180.294],[30.772,120.719],[27.315,-26.143],[40.117,-168.093],[23.424,-206.13],[-13.487,-206.411],[-19.975,-207.549],[-46.321,-142.882],[-32.604,-53.619],[-28.368,79.291],[-36.831,143.962],[-41.971,195.448],[25.249,197.477]],"c":true},"ix":2},"nm":"Path 1","mn":"ADBE Vector Shape - Group","hd":false},{"ty":"fl","c":{"a":0,"k":[0.352999997606,0.328999986836,1,1],"ix":4},"o":{"a":0,"k":100,"ix":5},"r":1,"bm":0,"nm":"Fill 1","mn":"ADBE Vector Graphic - Fill","hd":false},{"ty":"tr","p":{"a":0,"k":[51.203,211.32],"ix":2},"a":{"a":0,"k":[0,0],"ix":1},"s":{"a":0,"k":[100,100],"ix":3},"r":{"a":0,"k":0,"ix":6},"o":{"a":0,"k":100,"ix":7},"sk":{"a":0,"k":0,"ix":4},"sa":{"a":0,"k":0,"ix":5},"nm":"Transform"}],"nm":"Group 1","np":2,"cix":2,"bm":0,"ix":1,"mn":"ADBE Vector Group","hd":false},{"ty":"gr","it":[{"ind":0,"ty":"sh","ix":1,"ks":{"a":0,"k":{"i":[[-6.178,-1.993],[0,0],[0,0],[0,0]],"o":[[0,0],[0,0],[0,0],[0,0]],"v":[[1.611,-31.793],[14.624,27.401],[-4.716,33.785],[-14.624,-28.781]],"c":true},"ix":2},"nm":"Path 1","mn":"ADBE Vector Shape - Group","hd":false},{"ty":"fl","c":{"a":0,"k":[0.917999985639,0.760999971278,0.670999983245,1],"ix":4},"o":{"a":0,"k":100,"ix":5},"r":1,"bm":0,"nm":"Fill 1","mn":"ADBE Vector Graphic - Fill","hd":false},{"ty":"tr","p":{"a":0,"k":[47.029,412.312],"ix":2},"a":{"a":0,"k":[0,0],"ix":1},"s":{"a":0,"k":[100,100],"ix":3},"r":{"a":0,"k":0,"ix":6},"o":{"a":0,"k":100,"ix":7},"sk":{"a":0,"k":0,"ix":4},"sa":{"a":0,"k":0,"ix":5},"nm":"Transform"}],"nm":"Group 3","np":2,"cix":2,"bm":0,"ix":2,"mn":"ADBE Vector Group","hd":false}],"ip":0,"op":601,"st":0,"bm":0},{"ddd":0,"ind":8,"ty":4,"nm":"foot_back","parent":9,"sr":1,"ks":{"o":{"a":0,"k":100,"ix":11},"r":{"a":1,"k":[{"i":{"x":[0.6],"y":[1]},"o":{"x":[0.4],"y":[0]},"t":77.279,"s":[-14.059]},{"i":{"x":[0.842],"y":[1]},"o":{"x":[0.15],"y":[0]},"t":101.92,"s":[-16.7]},{"i":{"x":[0.6],"y":[1]},"o":{"x":[0.4],"y":[0]},"t":258.16,"s":[-16.7]},{"t":334.880859375,"s":[-14.059]}],"ix":10},"p":{"a":1,"k":[{"i":{"x":0.6,"y":1},"o":{"x":0.4,"y":0},"t":77.279,"s":[43.058,427.239,0],"to":[0.467,-1.647,0],"ti":[0,0,0]},{"i":{"x":0.821,"y":1},"o":{"x":0.183,"y":0},"t":101.92,"s":[43.973,424.011,0],"to":[0,0,0],"ti":[0,0,0]},{"i":{"x":0.6,"y":1},"o":{"x":0.4,"y":0},"t":258.16,"s":[43.973,424.011,0],"to":[0,0,0],"ti":[0.467,-1.647,0]},{"t":334.880859375,"s":[43.058,427.239,0]}],"ix":2},"a":{"a":0,"k":[42.073,430.711,0],"ix":1},"s":{"a":0,"k":[100,100,100],"ix":6}},"ao":0,"shapes":[{"ty":"gr","it":[{"ind":0,"ty":"sh","ix":1,"ks":{"a":0,"k":{"i":[[7.458,-12.495],[1.008,-0.015],[8.974,6.033],[7.715,7.078],[6.419,3.529],[-8.6,-5.229],[-17.751,1.524],[-17.69,-12.94]],"o":[[-0.681,1.14],[-10.432,0.151],[-8.744,-5.879],[-5.432,-4.984],[-7.085,-3.895],[6.965,4.236],[15.208,-1.306],[15.631,11.435]],"v":[[42.186,36.824],[33.739,37.518],[-1.696,32.398],[-23.775,9.34],[-42.558,-2.191],[-26.623,-33.202],[-5.329,-18.763],[17.916,14.59]],"c":true},"ix":2},"nm":"Path 1","mn":"ADBE Vector Shape - Group","hd":false},{"ty":"fl","c":{"a":0,"k":[0.952999997606,0.666999966491,0.008000000785,1],"ix":4},"o":{"a":0,"k":100,"ix":5},"r":1,"bm":0,"nm":"Fill 1","mn":"ADBE Vector Graphic - Fill","hd":false},{"ty":"tr","p":{"a":0,"k":[58.881,442.967],"ix":2},"a":{"a":0,"k":[0,0],"ix":1},"s":{"a":0,"k":[100,100],"ix":3},"r":{"a":0,"k":0,"ix":6},"o":{"a":0,"k":100,"ix":7},"sk":{"a":0,"k":0,"ix":4},"sa":{"a":0,"k":0,"ix":5},"nm":"Transform"}],"nm":"Group 2","np":2,"cix":2,"bm":0,"ix":1,"mn":"ADBE Vector Group","hd":false}],"ip":0,"op":601,"st":0,"bm":0},{"ddd":0,"ind":9,"ty":4,"nm":"leg_back","sr":1,"ks":{"o":{"a":0,"k":100,"ix":11},"r":{"a":1,"k":[{"i":{"x":[0.6],"y":[1]},"o":{"x":[0.4],"y":[0]},"t":77.279,"s":[-7.311]},{"i":{"x":[0.842],"y":[1]},"o":{"x":[0.15],"y":[0]},"t":101.92,"s":[-14.1]},{"i":{"x":[0.6],"y":[1]},"o":{"x":[0.4],"y":[0]},"t":258.16,"s":[-14.1]},{"t":334.880859375,"s":[-7.311]}],"ix":10},"p":{"a":1,"k":[{"i":{"x":0.6,"y":1},"o":{"x":0.4,"y":0},"t":77.279,"s":[896.982,702.771,0],"to":[3.196,3.196,0],"ti":[0,0,0]},{"i":{"x":0.821,"y":1},"o":{"x":0.183,"y":0},"t":101.92,"s":[903.245,709.034,0],"to":[0,0,0],"ti":[0,0,0]},{"i":{"x":0.6,"y":1},"o":{"x":0.4,"y":0},"t":258.16,"s":[903.245,709.034,0],"to":[0,0,0],"ti":[3.196,3.196,0]},{"t":334.880859375,"s":[896.982,702.771,0]}],"ix":2},"a":{"a":0,"k":[151.573,73.211,0],"ix":1},"s":{"a":0,"k":[100,100,100],"ix":6}},"ao":0,"shapes":[{"ty":"gr","it":[{"ind":0,"ty":"sh","ix":1,"ks":{"a":1,"k":[{"i":{"x":0.6,"y":1},"o":{"x":0.4,"y":0},"t":77.279,"s":[{"i":[[4.019,-21.855],[26.339,-38.816],[13.306,-18.604],[-15.839,-4.789],[0.692,7.99],[1.483,2.267],[-9.383,18.581],[-22.062,58.051],[-1.226,24.243],[28.105,-16.109],[-1.877,-15.311],[1.738,-10.663]],"o":[[-8.505,46.245],[-12.847,18.932],[-18.979,26.538],[10.365,3.134],[-0.203,-2.347],[-13.568,-20.729],[28.135,-55.712],[8.401,-22.104],[0.75,-14.838],[-17.492,10.029],[1.298,10.586],[-3.565,21.876]],"v":[[17.966,-23.709],[-34.618,103.447],[-74.527,159.232],[-13.337,196.774],[11.74,192.715],[8.245,185.791],[15.92,125.596],[85.105,-52.391],[90.949,-120.499],[37.862,-184.596],[31.937,-121.13],[33.777,-88.325]],"c":true}]},{"i":{"x":0.6,"y":1},"o":{"x":0.4,"y":0},"t":101.92,"s":[{"i":[[4.019,-21.855],[26.339,-38.816],[13.306,-18.604],[-15.839,-4.789],[0.692,7.99],[1.483,2.267],[-9.383,18.581],[-22.062,58.051],[-1.226,24.243],[28.105,-16.109],[-1.877,-15.311],[1.738,-10.663]],"o":[[-8.505,46.245],[-12.847,18.932],[-18.979,26.538],[10.365,3.134],[-0.203,-2.347],[-13.568,-20.729],[28.135,-55.712],[8.401,-22.104],[0.75,-14.838],[-17.492,10.029],[1.298,10.586],[-3.565,21.876]],"v":[[12.629,-22.987],[-34.618,103.447],[-74.527,159.232],[-13.337,196.774],[11.74,192.715],[8.245,185.791],[15.92,125.596],[85.105,-52.391],[90.949,-120.499],[37.862,-184.596],[27.574,-124.288],[24.074,-86.638]],"c":true}]},{"i":{"x":0.6,"y":1},"o":{"x":0.4,"y":0},"t":258.16,"s":[{"i":[[4.019,-21.855],[26.339,-38.816],[13.306,-18.604],[-15.839,-4.789],[0.692,7.99],[1.483,2.267],[-9.383,18.581],[-22.062,58.051],[-1.226,24.243],[28.105,-16.109],[-1.877,-15.311],[1.738,-10.663]],"o":[[-8.505,46.245],[-12.847,18.932],[-18.979,26.538],[10.365,3.134],[-0.203,-2.347],[-13.568,-20.729],[28.135,-55.712],[8.401,-22.104],[0.75,-14.838],[-17.492,10.029],[1.298,10.586],[-3.565,21.876]],"v":[[12.629,-22.987],[-34.618,103.447],[-74.527,159.232],[-13.337,196.774],[11.74,192.715],[8.245,185.791],[15.92,125.596],[85.105,-52.391],[90.949,-120.499],[37.862,-184.596],[27.574,-124.288],[24.074,-86.638]],"c":true}]},{"t":334.880859375,"s":[{"i":[[4.019,-21.855],[26.339,-38.816],[13.306,-18.604],[-15.839,-4.789],[0.692,7.99],[1.483,2.267],[-9.383,18.581],[-22.062,58.051],[-1.226,24.243],[28.105,-16.109],[-1.877,-15.311],[1.738,-10.663]],"o":[[-8.505,46.245],[-12.847,18.932],[-18.979,26.538],[10.365,3.134],[-0.203,-2.347],[-13.568,-20.729],[28.135,-55.712],[8.401,-22.104],[0.75,-14.838],[-17.492,10.029],[1.298,10.586],[-3.565,21.876]],"v":[[17.966,-23.709],[-34.618,103.447],[-74.527,159.232],[-13.337,196.774],[11.74,192.715],[8.245,185.791],[15.92,125.596],[85.105,-52.391],[90.949,-120.499],[37.862,-184.596],[31.937,-121.13],[33.777,-88.325]],"c":true}]}],"ix":2},"nm":"Path 1","mn":"ADBE Vector Shape - Group","hd":false},{"ty":"fl","c":{"a":0,"k":[0.294000004787,0.211999990426,0.616000007181,1],"ix":4},"o":{"a":0,"k":100,"ix":5},"r":1,"bm":0,"nm":"Fill 1","mn":"ADBE Vector Graphic - Fill","hd":false},{"ty":"tr","p":{"a":0,"k":[93.756,200.955],"ix":2},"a":{"a":0,"k":[0,0],"ix":1},"s":{"a":0,"k":[100,100],"ix":3},"r":{"a":0,"k":0,"ix":6},"o":{"a":0,"k":100,"ix":7},"sk":{"a":0,"k":0,"ix":4},"sa":{"a":0,"k":0,"ix":5},"nm":"Transform"}],"nm":"Group 1","np":2,"cix":2,"bm":0,"ix":1,"mn":"ADBE Vector Group","hd":false},{"ty":"gr","it":[{"ind":0,"ty":"sh","ix":1,"ks":{"a":0,"k":{"i":[[-3.954,-4.906],[0,0],[0,0],[0,0]],"o":[[0,0],[0,0],[0,0],[0,0]],"v":[[20.02,-24.391],[-0.921,30.588],[-20.02,25.477],[5.238,-30.588]],"c":true},"ix":2},"nm":"Path 1","mn":"ADBE Vector Shape - Group","hd":false},{"ty":"fl","c":{"a":0,"k":[0.830999995213,0.654999976065,0.603999956916,1],"ix":4},"o":{"a":0,"k":100,"ix":5},"r":1,"bm":0,"nm":"Fill 1","mn":"ADBE Vector Graphic - Fill","hd":false},{"ty":"tr","p":{"a":0,"k":[53.054,397.932],"ix":2},"a":{"a":0,"k":[0,0],"ix":1},"s":{"a":0,"k":[100,100],"ix":3},"r":{"a":0,"k":0,"ix":6},"o":{"a":0,"k":100,"ix":7},"sk":{"a":0,"k":0,"ix":4},"sa":{"a":0,"k":0,"ix":5},"nm":"Transform"}],"nm":"Group 3","np":2,"cix":2,"bm":0,"ix":2,"mn":"ADBE Vector Group","hd":false}],"ip":0,"op":601,"st":0,"bm":0},{"ddd":0,"ind":10,"ty":4,"nm":"Layer 10","sr":1,"ks":{"o":{"a":0,"k":100,"ix":11},"r":{"a":1,"k":[{"i":{"x":[0.667],"y":[1]},"o":{"x":[0.333],"y":[0]},"t":0,"s":[0]},{"i":{"x":[0.667],"y":[1]},"o":{"x":[0.333],"y":[0]},"t":71.68,"s":[4.2]},{"i":{"x":[0.833],"y":[1]},"o":{"x":[0.333],"y":[0]},"t":110.32,"s":[3.1]},{"i":{"x":[0.833],"y":[1]},"o":{"x":[0.167],"y":[0]},"t":142.24,"s":[7.1]},{"i":{"x":[0.667],"y":[1]},"o":{"x":[0.167],"y":[0]},"t":154.561,"s":[7.1]},{"i":{"x":[0.833],"y":[1]},"o":{"x":[0.333],"y":[0]},"t":195.439,"s":[0]},{"i":{"x":[0.833],"y":[1]},"o":{"x":[0.167],"y":[0]},"t":239.68,"s":[5.6]},{"i":{"x":[0.833],"y":[1]},"o":{"x":[0.167],"y":[0]},"t":277.76,"s":[-7.7]},{"i":{"x":[0.6],"y":[1]},"o":{"x":[0.4],"y":[0]},"t":301.279,"s":[-7.7]},{"t":334.880859375,"s":[0]}],"ix":10},"p":{"a":0,"k":[921.077,464.22,0],"ix":2},"a":{"a":0,"k":[59.819,178.829,0],"ix":1},"s":{"a":0,"k":[100,100,100],"ix":6}},"ao":0,"shapes":[{"ty":"gr","it":[{"ind":0,"ty":"sh","ix":1,"ks":{"a":0,"k":{"i":[[0,0],[-1.057,-16.65],[0,0]],"o":[[0,0],[1.057,16.651],[0,0]],"v":[[4.239,-7.46],[-4.361,-1.718],[5.417,18.368]],"c":true},"ix":2},"nm":"Path 1","mn":"ADBE Vector Shape - Group","hd":false},{"ty":"fl","c":{"a":0,"k":[0.917999985639,0.760999971278,0.670999983245,1],"ix":4},"o":{"a":0,"k":100,"ix":5},"r":1,"bm":0,"nm":"Fill 1","mn":"ADBE Vector Graphic - Fill","hd":false},{"ty":"tr","p":{"a":0,"k":[28.652,80.511],"ix":2},"a":{"a":0,"k":[0,0],"ix":1},"s":{"a":0,"k":[100,100],"ix":3},"r":{"a":0,"k":0,"ix":6},"o":{"a":0,"k":100,"ix":7},"sk":{"a":0,"k":0,"ix":4},"sa":{"a":0,"k":0,"ix":5},"nm":"Transform"}],"nm":"Group 1","np":2,"cix":2,"bm":0,"ix":1,"mn":"ADBE Vector Group","hd":false},{"ty":"gr","it":[{"ind":0,"ty":"sh","ix":1,"ks":{"a":0,"k":{"i":[[-0.178,0.574],[5.367,4.557],[2.607,-0.255],[1.948,0.325],[5.425,1.75],[4.122,-0.969],[3.129,0.657],[9.035,1.09],[6.892,-3.7],[2.752,-8.202],[-1.316,-5.02],[1.207,-1.629],[-2.507,-7.42],[-1.815,-5.963],[-3.933,-6.302],[-7.716,2],[0.432,7.026],[-34.581,6.852],[-13.771,-0.551],[-6.134,2.489],[-2.61,5.166]],"o":[[2.292,-7.384],[-2.071,-1.758],[-1.961,0.192],[-5.843,-0.974],[-4.045,-1.305],[-3.115,0.732],[-8.813,-1.85],[-7.624,-0.92],[-7.195,3.863],[-1.645,4.902],[-1.084,-4.126],[-4.725,6.379],[1.985,5.875],[2.163,7.106],[4.511,7.229],[-2.378,-6.539],[-0.433,-7.026],[13.745,-2.723],[6.544,0.261],[4.739,-1.923],[0.263,-0.522]],"v":[[65.537,-18.908],[58.441,-40.286],[51.153,-42.908],[45.321,-42.091],[33.357,-53.425],[21.314,-50.099],[11.854,-50.865],[-14.159,-58.036],[-36.622,-54.401],[-51.731,-35.242],[-52.585,-19.86],[-62.302,-17.925],[-65.322,9.709],[-58.242,26.752],[-51.244,48.049],[-30.062,56.956],[-35.237,36.706],[-10.39,-8.898],[33.69,0.396],[52.914,-3.104],[64.876,-17.261]],"c":true},"ix":2},"nm":"Path 1","mn":"ADBE Vector Shape - Group","hd":false},{"ty":"fl","c":{"a":0,"k":[0.294000004787,0.211999990426,0.616000007181,1],"ix":4},"o":{"a":0,"k":100,"ix":5},"r":1,"bm":0,"nm":"Fill 1","mn":"ADBE Vector Graphic - Fill","hd":false},{"ty":"tr","p":{"a":0,"k":[68.079,59.207],"ix":2},"a":{"a":0,"k":[0,0],"ix":1},"s":{"a":0,"k":[100,100],"ix":3},"r":{"a":0,"k":0,"ix":6},"o":{"a":0,"k":100,"ix":7},"sk":{"a":0,"k":0,"ix":4},"sa":{"a":0,"k":0,"ix":5},"nm":"Transform"}],"nm":"Group 2","np":2,"cix":2,"bm":0,"ix":2,"mn":"ADBE Vector Group","hd":false},{"ty":"gr","it":[{"ind":0,"ty":"sh","ix":1,"ks":{"a":0,"k":{"i":[[0,0],[7.553,-31.456],[9.48,1.893],[9.089,15.901],[0,0],[0,0]],"o":[[0,0],[-7.552,31.455],[-26.213,-5.235],[-11.145,-19.496],[0,0],[0,0]],"v":[[38.5,-40.088],[38.691,1.627],[9.398,58.049],[-35.099,18.39],[-24.118,-48.667],[-3.213,-59.943]],"c":true},"ix":2},"nm":"Path 1","mn":"ADBE Vector Shape - Group","hd":false},{"ty":"fl","c":{"a":0,"k":[0.917999985639,0.760999971278,0.670999983245,1],"ix":4},"o":{"a":0,"k":100,"ix":5},"r":1,"bm":0,"nm":"Fill 1","mn":"ADBE Vector Graphic - Fill","hd":false},{"ty":"tr","p":{"a":0,"k":[67.199,88.862],"ix":2},"a":{"a":0,"k":[0,0],"ix":1},"s":{"a":0,"k":[100,100],"ix":3},"r":{"a":0,"k":0,"ix":6},"o":{"a":0,"k":100,"ix":7},"sk":{"a":0,"k":0,"ix":4},"sa":{"a":0,"k":0,"ix":5},"nm":"Transform"}],"nm":"Group 3","np":2,"cix":2,"bm":0,"ix":3,"mn":"ADBE Vector Group","hd":false},{"ty":"gr","it":[{"ind":0,"ty":"sh","ix":1,"ks":{"a":0,"k":{"i":[[0,0],[0,0],[0,0],[3.621,27.849]],"o":[[0,0],[0,0],[0,0],[-3.62,-27.849]],"v":[[18.993,-15.638],[16.555,29.777],[-18.993,43.487],[-1.24,-15.638]],"c":true},"ix":2},"nm":"Path 1","mn":"ADBE Vector Shape - Group","hd":false},{"ty":"fl","c":{"a":0,"k":[0.830999995213,0.654999976065,0.603999956916,1],"ix":4},"o":{"a":0,"k":100,"ix":5},"r":1,"bm":0,"nm":"Fill 1","mn":"ADBE Vector Graphic - Fill","hd":false},{"ty":"tr","p":{"a":0,"k":[54.942,157.342],"ix":2},"a":{"a":0,"k":[0,0],"ix":1},"s":{"a":0,"k":[100,100],"ix":3},"r":{"a":0,"k":0,"ix":6},"o":{"a":0,"k":100,"ix":7},"sk":{"a":0,"k":0,"ix":4},"sa":{"a":0,"k":0,"ix":5},"nm":"Transform"}],"nm":"Group 4","np":2,"cix":2,"bm":0,"ix":4,"mn":"ADBE Vector Group","hd":false}],"ip":0,"op":601,"st":0,"bm":0},{"ddd":0,"ind":11,"ty":4,"nm":"Layer 11","sr":1,"ks":{"o":{"a":0,"k":100,"ix":11},"r":{"a":0,"k":0,"ix":10},"p":{"a":0,"k":[874.879,552.034,0],"ix":2},"a":{"a":0,"k":[29.785,41.5,0],"ix":1},"s":{"a":0,"k":[100,100,100],"ix":6}},"ao":0,"shapes":[{"ty":"gr","it":[{"ind":0,"ty":"sh","ix":1,"ks":{"a":0,"k":{"i":[[0,0],[1.373,-21.853],[0,0]],"o":[[0,0],[-1.373,21.853],[0,0]],"v":[[-3.355,-41.25],[-27.488,10.682],[28.861,41.25]],"c":true},"ix":2},"nm":"Path 1","mn":"ADBE Vector Shape - Group","hd":false},{"ty":"fl","c":{"a":0,"k":[0.830999995213,0.654999976065,0.603999956916,1],"ix":4},"o":{"a":0,"k":100,"ix":5},"r":1,"bm":0,"nm":"Fill 1","mn":"ADBE Vector Graphic - Fill","hd":false},{"ty":"tr","p":{"a":0,"k":[29.111,41.5],"ix":2},"a":{"a":0,"k":[0,0],"ix":1},"s":{"a":0,"k":[100,100],"ix":3},"r":{"a":0,"k":0,"ix":6},"o":{"a":0,"k":100,"ix":7},"sk":{"a":0,"k":0,"ix":4},"sa":{"a":0,"k":0,"ix":5},"nm":"Transform"}],"nm":"Group 1","np":2,"cix":2,"bm":0,"ix":1,"mn":"ADBE Vector Group","hd":false}],"ip":0,"op":601,"st":0,"bm":0},{"ddd":0,"ind":12,"ty":4,"nm":"Layer 13","sr":1,"ks":{"o":{"a":0,"k":100,"ix":11},"r":{"a":0,"k":0,"ix":10},"p":{"a":1,"k":[{"i":{"x":0.6,"y":1},"o":{"x":0.4,"y":0},"t":0,"s":[636.823,501.173,0],"to":[1.333,0,0],"ti":[0,0,0]},{"i":{"x":0.6,"y":1},"o":{"x":0.4,"y":0},"t":42,"s":[644.823,501.173,0],"to":[0,0,0],"ti":[0,0,0]},{"i":{"x":0.6,"y":1},"o":{"x":0.4,"y":0},"t":84,"s":[636.823,501.173,0],"to":[0,0,0],"ti":[0,0,0]},{"i":{"x":0.6,"y":1},"o":{"x":0.4,"y":0},"t":126,"s":[644.823,501.173,0],"to":[0,0,0],"ti":[0,0,0]},{"i":{"x":0.6,"y":1},"o":{"x":0.4,"y":0},"t":168,"s":[636.823,501.173,0],"to":[0,0,0],"ti":[0,0,0]},{"i":{"x":0.6,"y":1},"o":{"x":0.4,"y":0},"t":210,"s":[644.823,501.173,0],"to":[0,0,0],"ti":[0,0,0]},{"i":{"x":0.6,"y":1},"o":{"x":0.4,"y":0},"t":252,"s":[636.823,501.173,0],"to":[0,0,0],"ti":[0,0,0]},{"i":{"x":0.6,"y":1},"o":{"x":0.4,"y":0},"t":294,"s":[644.823,501.173,0],"to":[0,0,0],"ti":[0,0,0]},{"i":{"x":0.6,"y":1},"o":{"x":0.4,"y":0},"t":336,"s":[636.823,501.173,0],"to":[0,0,0],"ti":[-1.333,0,0]},{"t":675,"s":[644.823,501.173,0]}],"ix":2},"a":{"a":0,"k":[83.613,20.042,0],"ix":1},"s":{"a":0,"k":[100,100,100],"ix":6}},"ao":0,"shapes":[{"ty":"gr","it":[{"ind":0,"ty":"sh","ix":1,"ks":{"a":0,"k":{"i":[[0.35,0.429],[0,0],[0.429,-0.349],[0,0],[-0.35,-0.429],[-0.43,0.35],[0,0]],"o":[[0,0],[-0.349,-0.429],[0,0],[-0.43,0.35],[0.349,0.429],[0,0],[0.429,-0.35]],"v":[[6.443,-5.248],[6.443,-5.248],[5.027,-5.393],[-6.298,3.831],[-6.442,5.247],[-5.027,5.392],[6.298,-3.832]],"c":true},"ix":2},"nm":"Path 1","mn":"ADBE Vector Shape - Group","hd":false},{"ty":"fl","c":{"a":0,"k":[1,1,1,1],"ix":4},"o":{"a":0,"k":100,"ix":5},"r":1,"bm":0,"nm":"Fill 1","mn":"ADBE Vector Graphic - Fill","hd":false},{"ty":"tr","p":{"a":0,"k":[141.246,25.428],"ix":2},"a":{"a":0,"k":[0,0],"ix":1},"s":{"a":0,"k":[100,100],"ix":3},"r":{"a":0,"k":0,"ix":6},"o":{"a":0,"k":100,"ix":7},"sk":{"a":0,"k":0,"ix":4},"sa":{"a":0,"k":0,"ix":5},"nm":"Transform"}],"nm":"Group 1","np":2,"cix":2,"bm":0,"ix":1,"mn":"ADBE Vector Group","hd":false},{"ty":"gr","it":[{"ind":0,"ty":"sh","ix":1,"ks":{"a":0,"k":{"i":[[0.35,-0.429],[0,0],[0.429,0.349],[0,0],[-0.35,0.429],[-0.43,-0.349],[0,0]],"o":[[0,0],[-0.349,0.429],[0,0],[-0.43,-0.35],[0.349,-0.429],[0,0],[0.429,0.35]],"v":[[6.443,5.247],[6.443,5.247],[5.027,5.392],[-6.298,-3.832],[-6.442,-5.248],[-5.027,-5.392],[6.298,3.832]],"c":true},"ix":2},"nm":"Path 1","mn":"ADBE Vector Shape - Group","hd":false},{"ty":"fl","c":{"a":0,"k":[1,1,1,1],"ix":4},"o":{"a":0,"k":100,"ix":5},"r":1,"bm":0,"nm":"Fill 1","mn":"ADBE Vector Graphic - Fill","hd":false},{"ty":"tr","p":{"a":0,"k":[141.246,16.089],"ix":2},"a":{"a":0,"k":[0,0],"ix":1},"s":{"a":0,"k":[100,100],"ix":3},"r":{"a":0,"k":0,"ix":6},"o":{"a":0,"k":100,"ix":7},"sk":{"a":0,"k":0,"ix":4},"sa":{"a":0,"k":0,"ix":5},"nm":"Transform"}],"nm":"Group 2","np":2,"cix":2,"bm":0,"ix":2,"mn":"ADBE Vector Group","hd":false},{"ty":"gr","it":[{"ind":0,"ty":"sh","ix":1,"ks":{"a":0,"k":{"i":[[10.885,0],[0,0],[0,10.886],[-10.885,0],[0,0],[0,-10.885]],"o":[[0,0],[-10.885,0],[0,-10.885],[0,0],[10.885,0],[0,10.886]],"v":[[63.571,19.791],[-63.571,19.791],[-83.363,-0.001],[-63.571,-19.791],[63.571,-19.791],[83.363,-0.001]],"c":true},"ix":2},"nm":"Path 1","mn":"ADBE Vector Shape - Group","hd":false},{"ty":"fl","c":{"a":0,"k":[0.654999976065,0.677999997606,1,1],"ix":4},"o":{"a":0,"k":100,"ix":5},"r":1,"bm":0,"nm":"Fill 1","mn":"ADBE Vector Graphic - Fill","hd":false},{"ty":"tr","p":{"a":0,"k":[83.613,20.042],"ix":2},"a":{"a":0,"k":[0,0],"ix":1},"s":{"a":0,"k":[100,100],"ix":3},"r":{"a":0,"k":0,"ix":6},"o":{"a":0,"k":100,"ix":7},"sk":{"a":0,"k":0,"ix":4},"sa":{"a":0,"k":0,"ix":5},"nm":"Transform"}],"nm":"Group 3","np":2,"cix":2,"bm":0,"ix":3,"mn":"ADBE Vector Group","hd":false}],"ip":0,"op":601,"st":0,"bm":0},{"ddd":0,"ind":13,"ty":4,"nm":"Layer 14","sr":1,"ks":{"o":{"a":0,"k":100,"ix":11},"r":{"a":0,"k":0,"ix":10},"p":{"a":1,"k":[{"i":{"x":0.6,"y":1},"o":{"x":0.4,"y":0},"t":-75,"s":[678.121,425.498,0],"to":[2.583,0,0],"ti":[0,0,0]},{"i":{"x":0.6,"y":1},"o":{"x":0.4,"y":0},"t":0,"s":[693.621,425.498,0],"to":[0,0,0],"ti":[0,0,0]},{"i":{"x":0.6,"y":1},"o":{"x":0.4,"y":0},"t":42,"s":[678.121,425.498,0],"to":[0,0,0],"ti":[0,0,0]},{"i":{"x":0.6,"y":1},"o":{"x":0.4,"y":0},"t":84,"s":[693.621,425.498,0],"to":[0,0,0],"ti":[0,0,0]},{"i":{"x":0.6,"y":1},"o":{"x":0.4,"y":0},"t":126,"s":[678.121,425.498,0],"to":[0,0,0],"ti":[0,0,0]},{"i":{"x":0.6,"y":1},"o":{"x":0.4,"y":0},"t":168,"s":[693.621,425.498,0],"to":[0,0,0],"ti":[0,0,0]},{"i":{"x":0.6,"y":1},"o":{"x":0.4,"y":0},"t":210,"s":[678.121,425.498,0],"to":[0,0,0],"ti":[0,0,0]},{"i":{"x":0.6,"y":1},"o":{"x":0.4,"y":0},"t":252,"s":[693.621,425.498,0],"to":[0,0,0],"ti":[0,0,0]},{"i":{"x":0.6,"y":1},"o":{"x":0.4,"y":0},"t":294,"s":[678.121,425.498,0],"to":[0,0,0],"ti":[0,0,0]},{"i":{"x":0.6,"y":1},"o":{"x":0.4,"y":0},"t":336,"s":[693.621,425.498,0],"to":[0,0,0],"ti":[2.583,0,0]},{"t":675,"s":[678.121,425.498,0]}],"ix":2},"a":{"a":0,"k":[124.91,29.847,0],"ix":1},"s":{"a":0,"k":[100,100,100],"ix":6}},"ao":0,"shapes":[{"ty":"gr","it":[{"ind":0,"ty":"sh","ix":1,"ks":{"a":0,"k":{"i":[[0.523,0.642],[0,0],[0.641,-0.522],[0,0],[-0.523,-0.641],[-0.642,0.523],[0,0]],"o":[[0,0],[-0.523,-0.642],[0,0],[-0.642,0.523],[0.523,0.642],[0,0],[0.642,-0.522]],"v":[[9.635,-7.848],[9.635,-7.848],[7.518,-8.065],[-9.417,5.729],[-9.634,7.846],[-7.516,8.063],[9.418,-5.731]],"c":true},"ix":2},"nm":"Path 1","mn":"ADBE Vector Shape - Group","hd":false},{"ty":"fl","c":{"a":0,"k":[1,1,1,1],"ix":4},"o":{"a":0,"k":100,"ix":5},"r":1,"bm":0,"nm":"Fill 1","mn":"ADBE Vector Graphic - Fill","hd":false},{"ty":"tr","p":{"a":0,"k":[211.094,37.901],"ix":2},"a":{"a":0,"k":[0,0],"ix":1},"s":{"a":0,"k":[100,100],"ix":3},"r":{"a":0,"k":0,"ix":6},"o":{"a":0,"k":100,"ix":7},"sk":{"a":0,"k":0,"ix":4},"sa":{"a":0,"k":0,"ix":5},"nm":"Transform"}],"nm":"Group 1","np":2,"cix":2,"bm":0,"ix":1,"mn":"ADBE Vector Group","hd":false},{"ty":"gr","it":[{"ind":0,"ty":"sh","ix":1,"ks":{"a":0,"k":{"i":[[0.523,-0.642],[0,0],[0.641,0.522],[0,0],[-0.523,0.641],[-0.642,-0.523],[0,0]],"o":[[0,0],[-0.523,0.642],[0,0],[-0.642,-0.523],[0.523,-0.642],[0,0],[0.642,0.523]],"v":[[9.635,7.847],[9.635,7.847],[7.518,8.065],[-9.417,-5.729],[-9.634,-7.846],[-7.516,-8.063],[9.418,5.731]],"c":true},"ix":2},"nm":"Path 1","mn":"ADBE Vector Shape - Group","hd":false},{"ty":"fl","c":{"a":0,"k":[1,1,1,1],"ix":4},"o":{"a":0,"k":100,"ix":5},"r":1,"bm":0,"nm":"Fill 1","mn":"ADBE Vector Graphic - Fill","hd":false},{"ty":"tr","p":{"a":0,"k":[211.094,23.935],"ix":2},"a":{"a":0,"k":[0,0],"ix":1},"s":{"a":0,"k":[100,100],"ix":3},"r":{"a":0,"k":0,"ix":6},"o":{"a":0,"k":100,"ix":7},"sk":{"a":0,"k":0,"ix":4},"sa":{"a":0,"k":0,"ix":5},"nm":"Transform"}],"nm":"Group 2","np":2,"cix":2,"bm":0,"ix":2,"mn":"ADBE Vector Group","hd":false},{"ty":"gr","it":[{"ind":0,"ty":"sh","ix":1,"ks":{"a":0,"k":{"i":[[16.278,0],[0,0],[0,16.278],[-16.278,0],[0,0],[0,-16.278]],"o":[[0,0],[-16.278,0],[0,-16.278],[0,0],[16.278,0],[0,16.278]],"v":[[95.064,29.596],[-95.064,29.596],[-124.66,0.001],[-95.064,-29.596],[95.064,-29.596],[124.66,0.001]],"c":true},"ix":2},"nm":"Path 1","mn":"ADBE Vector Shape - Group","hd":false},{"ty":"fl","c":{"a":0,"k":[0.889999988032,0.898000021542,0.987999949736,1],"ix":4},"o":{"a":0,"k":100,"ix":5},"r":1,"bm":0,"nm":"Fill 1","mn":"ADBE Vector Graphic - Fill","hd":false},{"ty":"tr","p":{"a":0,"k":[124.91,29.847],"ix":2},"a":{"a":0,"k":[0,0],"ix":1},"s":{"a":0,"k":[100,100],"ix":3},"r":{"a":0,"k":0,"ix":6},"o":{"a":0,"k":100,"ix":7},"sk":{"a":0,"k":0,"ix":4},"sa":{"a":0,"k":0,"ix":5},"nm":"Transform"}],"nm":"Group 3","np":2,"cix":2,"bm":0,"ix":3,"mn":"ADBE Vector Group","hd":false}],"ip":0,"op":601,"st":0,"bm":0},{"ddd":0,"ind":14,"ty":4,"nm":"Layer 15","parent":15,"sr":1,"ks":{"o":{"a":0,"k":100,"ix":11},"r":{"a":0,"k":0,"ix":10},"p":{"a":0,"k":[1.842,197.738,0],"ix":2},"a":{"a":0,"k":[173.34,25.784,0],"ix":1},"s":{"a":0,"k":[100,100,100],"ix":6}},"ao":0,"shapes":[{"ty":"gr","it":[{"ind":0,"ty":"sh","ix":1,"ks":{"a":0,"k":{"i":[[0,-14.102],[95.596,0],[0,14.102],[-95.595,0]],"o":[[0,14.102],[-95.595,0],[0,-14.102],[95.596,0]],"v":[[173.091,0],[-0.001,25.534],[-173.091,0],[-0.001,-25.534]],"c":true},"ix":2},"nm":"Path 1","mn":"ADBE Vector Shape - Group","hd":false},{"ty":"fl","c":{"a":0,"k":[0.889999988032,0.898000021542,0.987999949736,1],"ix":4},"o":{"a":0,"k":100,"ix":5},"r":1,"bm":0,"nm":"Fill 1","mn":"ADBE Vector Graphic - Fill","hd":false},{"ty":"tr","p":{"a":0,"k":[173.34,25.784],"ix":2},"a":{"a":0,"k":[0,0],"ix":1},"s":{"a":0,"k":[100,100],"ix":3},"r":{"a":0,"k":0,"ix":6},"o":{"a":0,"k":100,"ix":7},"sk":{"a":0,"k":0,"ix":4},"sa":{"a":0,"k":0,"ix":5},"nm":"Transform"}],"nm":"Group 1","np":2,"cix":2,"bm":0,"ix":1,"mn":"ADBE Vector Group","hd":false}],"ip":0,"op":601,"st":0,"bm":0},{"ddd":0,"ind":15,"ty":3,"nm":"shadow","sr":1,"ks":{"o":{"a":0,"k":0,"ix":11},"r":{"a":0,"k":0,"ix":10},"p":{"a":1,"k":[{"i":{"x":0.6,"y":1},"o":{"x":0.4,"y":0},"t":239.68,"s":[1257,865,0],"to":[1.667,0,0],"ti":[1.667,0,0]},{"i":{"x":0.6,"y":1},"o":{"x":0.4,"y":0},"t":245.84,"s":[1267,865,0],"to":[-1.667,0,0],"ti":[0,0,0]},{"i":{"x":0.6,"y":1},"o":{"x":0.4,"y":0},"t":252,"s":[1247,865,0],"to":[0,0,0],"ti":[0,0,0]},{"i":{"x":0.6,"y":1},"o":{"x":0.4,"y":0},"t":258.16,"s":[1267,865,0],"to":[0,0,0],"ti":[1.667,0,0]},{"i":{"x":0.6,"y":1},"o":{"x":0.4,"y":0},"t":264.32,"s":[1247,865,0],"to":[-1.667,0,0],"ti":[-1.667,0,0]},{"t":270.48046875,"s":[1257,865,0]}],"ix":2},"a":{"a":0,"k":[0,0,0],"ix":1},"s":{"a":1,"k":[{"i":{"x":[0.2,0.2,0.2],"y":[1,1,1]},"o":{"x":[0.4,0.4,0.4],"y":[0,0,0]},"t":127.68,"s":[100,100,100]},{"i":{"x":[0.2,0.2,0.2],"y":[1,1,1]},"o":{"x":[0.4,0.4,0.4],"y":[0,0,0]},"t":144.48,"s":[120,100,100]},{"t":171.919921875,"s":[100,100,100]}],"ix":6}},"ao":0,"ip":58,"op":601,"st":0,"bm":0},{"ddd":0,"ind":16,"ty":3,"nm":"phone","sr":1,"ks":{"o":{"a":0,"k":0,"ix":11},"r":{"a":0,"k":0,"ix":10},"p":{"a":1,"k":[{"i":{"x":0.2,"y":1},"o":{"x":0.4,"y":0},"t":127.68,"s":[1257,865,0],"to":[0,3.667,0],"ti":[0,0,0]},{"i":{"x":0.2,"y":1},"o":{"x":0.4,"y":0},"t":144.48,"s":[1257,887,0],"to":[0,0,0],"ti":[0,3.667,0]},{"i":{"x":0.2,"y":0.2},"o":{"x":0.4,"y":0.4},"t":171.92,"s":[1257,865,0],"to":[0,0,0],"ti":[0,0,0]},{"i":{"x":0.6,"y":1},"o":{"x":0.4,"y":0},"t":239.68,"s":[1257,865,0],"to":[1.667,0,0],"ti":[1.667,0,0]},{"i":{"x":0.6,"y":1},"o":{"x":0.4,"y":0},"t":245.84,"s":[1267,865,0],"to":[-1.667,0,0],"ti":[0,0,0]},{"i":{"x":0.6,"y":1},"o":{"x":0.4,"y":0},"t":252,"s":[1247,865,0],"to":[0,0,0],"ti":[0,0,0]},{"i":{"x":0.6,"y":1},"o":{"x":0.4,"y":0},"t":258.16,"s":[1267,865,0],"to":[0,0,0],"ti":[1.667,0,0]},{"i":{"x":0.6,"y":1},"o":{"x":0.4,"y":0},"t":264.32,"s":[1247,865,0],"to":[-1.667,0,0],"ti":[-1.667,0,0]},{"t":270.48046875,"s":[1257,865,0]}],"ix":2},"a":{"a":0,"k":[0,0,0],"ix":1},"s":{"a":0,"k":[100,100,100],"ix":6}},"ao":0,"ip":0,"op":601,"st":0,"bm":0},{"ddd":0,"ind":17,"ty":4,"nm":"Layer 16","parent":16,"sr":1,"ks":{"o":{"a":1,"k":[{"i":{"x":[0.2],"y":[1]},"o":{"x":[0.4],"y":[0]},"t":127.68,"s":[0]},{"i":{"x":[0.2],"y":[1]},"o":{"x":[0.4],"y":[0]},"t":144.48,"s":[100]},{"t":171.919921875,"s":[0]}],"ix":11},"r":{"a":0,"k":0,"ix":10},"p":{"a":1,"k":[{"i":{"x":0.2,"y":1},"o":{"x":0.001,"y":0},"t":127.68,"s":[1.842,-266.821,0],"to":[0,6.083,0],"ti":[0,-6.083,0]},{"t":144.48046875,"s":[1.842,-230.321,0]}],"ix":2},"a":{"a":0,"k":[26.092,17.11,0],"ix":1},"s":{"a":0,"k":[100,100,100],"ix":6}},"ao":0,"shapes":[{"ty":"gr","it":[{"ind":0,"ty":"sh","ix":1,"ks":{"a":0,"k":{"i":[[-1.065,0.868],[0,0],[0.868,1.065],[0,0],[1.065,-0.867],[-0.868,-1.066],[0,0]],"o":[[0,0],[1.065,-0.868],[0,0],[-0.867,-1.065],[-1.065,0.868],[0,0],[0.868,1.065]],"v":[[13.025,15.991],[13.025,15.991],[13.384,12.477],[-9.511,-15.633],[-13.025,-15.992],[-13.384,-12.477],[9.51,15.632]],"c":true},"ix":2},"nm":"Path 1","mn":"ADBE Vector Shape - Group","hd":false},{"ty":"fl","c":{"a":0,"k":[1,1,1,1],"ix":4},"o":{"a":0,"k":100,"ix":5},"r":1,"bm":0,"nm":"Fill 1","mn":"ADBE Vector Graphic - Fill","hd":false},{"ty":"tr","p":{"a":0,"k":[14.502,17.11],"ix":2},"a":{"a":0,"k":[0,0],"ix":1},"s":{"a":0,"k":[100,100],"ix":3},"r":{"a":0,"k":0,"ix":6},"o":{"a":0,"k":100,"ix":7},"sk":{"a":0,"k":0,"ix":4},"sa":{"a":0,"k":0,"ix":5},"nm":"Transform"}],"nm":"Group 1","np":2,"cix":2,"bm":0,"ix":1,"mn":"ADBE Vector Group","hd":false},{"ty":"gr","it":[{"ind":0,"ty":"sh","ix":1,"ks":{"a":0,"k":{"i":[[1.065,0.868],[0,0],[-0.868,1.065],[0,0],[-1.066,-0.868],[0.868,-1.065],[0,0]],"o":[[0,0],[-1.065,-0.868],[0,0],[0.868,-1.065],[1.065,0.868],[0,0],[-0.868,1.065]],"v":[[-13.025,15.991],[-13.025,15.991],[-13.384,12.477],[9.51,-15.633],[13.025,-15.992],[13.384,-12.478],[-9.511,15.633]],"c":true},"ix":2},"nm":"Path 1","mn":"ADBE Vector Shape - Group","hd":false},{"ty":"fl","c":{"a":0,"k":[1,1,1,1],"ix":4},"o":{"a":0,"k":100,"ix":5},"r":1,"bm":0,"nm":"Fill 1","mn":"ADBE Vector Graphic - Fill","hd":false},{"ty":"tr","p":{"a":0,"k":[37.682,17.11],"ix":2},"a":{"a":0,"k":[0,0],"ix":1},"s":{"a":0,"k":[100,100],"ix":3},"r":{"a":0,"k":0,"ix":6},"o":{"a":0,"k":100,"ix":7},"sk":{"a":0,"k":0,"ix":4},"sa":{"a":0,"k":0,"ix":5},"nm":"Transform"}],"nm":"Group 2","np":2,"cix":2,"bm":0,"ix":2,"mn":"ADBE Vector Group","hd":false}],"ip":0,"op":601,"st":0,"bm":0},{"ddd":0,"ind":18,"ty":4,"nm":"image","parent":16,"sr":1,"ks":{"o":{"a":0,"k":100,"ix":11},"r":{"a":0,"k":0,"ix":10},"p":{"a":0,"k":[-257.5,-239.5,0],"ix":2},"a":{"a":0,"k":[0,0,0],"ix":1},"s":{"a":0,"k":[100,100,100],"ix":6}},"ao":0,"shapes":[{"ty":"gr","it":[{"d":1,"ty":"el","s":{"a":0,"k":[32.5,32.5],"ix":2},"p":{"a":1,"k":[{"i":{"x":0.2,"y":1},"o":{"x":0.4,"y":0},"t":118.721,"s":[0,0],"to":[0,0],"ti":[0,0]},{"i":{"x":0.6,"y":0.6},"o":{"x":0.423,"y":0.423},"t":129.92,"s":[-64,-5],"to":[0,0],"ti":[0,0]},{"i":{"x":0.6,"y":1},"o":{"x":0.8,"y":0},"t":239.68,"s":[-64,-5],"to":[0,0],"ti":[0,0]},{"t":250.880859375,"s":[0,0]}],"ix":3},"nm":"Ellipse Path 1","mn":"ADBE Vector Shape - Ellipse","hd":false},{"ty":"st","c":{"a":0,"k":[0.047058999305,0.419607992733,0.760783954695,1],"ix":3},"o":{"a":0,"k":100,"ix":4},"w":{"a":0,"k":0,"ix":5},"lc":1,"lj":1,"ml":4,"bm":0,"nm":"Stroke 1","mn":"ADBE Vector Graphic - Stroke","hd":false},{"ty":"fl","c":{"a":0,"k":[0.654901960784,0.678431372549,1,1],"ix":4},"o":{"a":0,"k":100,"ix":5},"r":1,"bm":0,"nm":"Fill 1","mn":"ADBE Vector Graphic - Fill","hd":false},{"ty":"tr","p":{"a":0,"k":[284.5,-331],"ix":2},"a":{"a":0,"k":[0,0],"ix":1},"s":{"a":0,"k":[100,100],"ix":3},"r":{"a":0,"k":0,"ix":6},"o":{"a":0,"k":100,"ix":7},"sk":{"a":0,"k":0,"ix":4},"sa":{"a":0,"k":0,"ix":5},"nm":"Transform"}],"nm":"Ellipse 1","np":3,"cix":2,"bm":0,"ix":1,"mn":"ADBE Vector Group","hd":false},{"ty":"gr","it":[{"ind":0,"ty":"sh","ix":1,"ks":{"a":1,"k":[{"i":{"x":0.2,"y":1},"o":{"x":0.4,"y":0},"t":118.721,"s":[{"i":[[-25.5,-0.25],[0,0],[16.569,0],[0,0],[3.127,13.228],[-23.75,1.25],[-27.25,0]],"o":[[-0.125,42.625],[0,16.569],[0,0],[-14.184,0],[-0.526,-2.224],[20.972,-1.104],[31.049,0]],"v":[[94,-40.5],[94,52],[64,82],[-64,82],[-93.196,58.928],[-35.25,-21],[11.5,29]],"c":true}]},{"i":{"x":0.6,"y":1},"o":{"x":0.4,"y":0},"t":129.92,"s":[{"i":[[-103.5,-3],[0,0],[16.569,0],[0,0],[3.127,13.228],[-23.75,1.25],[-27.25,0]],"o":[[-0.125,42.625],[0,16.569],[0,0],[-14.184,0],[-0.526,-2.224],[20.973,-1.104],[31.049,0]],"v":[[94,-49.5],[94,52],[64,82],[-64,82],[-93.196,58.928],[-56,1.5],[-10.5,53.5]],"c":true}]},{"i":{"x":0.6,"y":1},"o":{"x":0.8,"y":0},"t":239.68,"s":[{"i":[[-103.5,-3],[0,0],[16.569,0],[0,0],[3.127,13.228],[-23.75,1.25],[-27.25,0]],"o":[[-0.125,42.625],[0,16.569],[0,0],[-14.184,0],[-0.526,-2.224],[20.973,-1.104],[31.049,0]],"v":[[94,-49.5],[94,52],[64,82],[-64,82],[-93.196,58.928],[-56,1.5],[-10.5,53.5]],"c":true}]},{"t":250.880859375,"s":[{"i":[[-25.5,-0.25],[0,0],[16.569,0],[0,0],[3.127,13.228],[-23.75,1.25],[-27.25,0]],"o":[[-0.125,42.625],[0,16.569],[0,0],[-14.184,0],[-0.526,-2.224],[20.972,-1.104],[31.049,0]],"v":[[94,-40.5],[94,52],[64,82],[-64,82],[-93.196,58.928],[-35.25,-21],[11.5,29]],"c":true}]}],"ix":2},"nm":"Path 1","mn":"ADBE Vector Shape - Group","hd":false},{"ty":"st","c":{"a":0,"k":[0.047058999305,0.419607992733,0.760783954695,1],"ix":3},"o":{"a":0,"k":100,"ix":4},"w":{"a":0,"k":0,"ix":5},"lc":1,"lj":1,"ml":4,"bm":0,"nm":"Stroke 1","mn":"ADBE Vector Graphic - Stroke","hd":false},{"ty":"fl","c":{"a":0,"k":[0.654901960784,0.678431372549,1,1],"ix":4},"o":{"a":0,"k":100,"ix":5},"r":1,"bm":0,"nm":"Fill 1","mn":"ADBE Vector Graphic - Fill","hd":false},{"ty":"tr","p":{"a":0,"k":[259,-301.5],"ix":2},"a":{"a":0,"k":[0,0],"ix":1},"s":{"a":0,"k":[100,100],"ix":3},"r":{"a":0,"k":0,"ix":6},"o":{"a":0,"k":100,"ix":7},"sk":{"a":0,"k":0,"ix":4},"sa":{"a":0,"k":0,"ix":5},"nm":"Transform"}],"nm":"Rectangle 2","np":3,"cix":2,"bm":0,"ix":2,"mn":"ADBE Vector Group","hd":false},{"ty":"gr","it":[{"ty":"rc","d":1,"s":{"a":0,"k":[188,164],"ix":2},"p":{"a":0,"k":[0,0],"ix":3},"r":{"a":0,"k":30,"ix":4},"nm":"Rectangle Path 1","mn":"ADBE Vector Shape - Rect","hd":false},{"ty":"st","c":{"a":0,"k":[0.047058999305,0.419607992733,0.760783954695,1],"ix":3},"o":{"a":0,"k":100,"ix":4},"w":{"a":0,"k":0,"ix":5},"lc":1,"lj":1,"ml":4,"bm":0,"nm":"Stroke 1","mn":"ADBE Vector Graphic - Stroke","hd":false},{"ty":"fl","c":{"a":0,"k":[1,1,1,1],"ix":4},"o":{"a":0,"k":100,"ix":5},"r":1,"bm":0,"nm":"Fill 1","mn":"ADBE Vector Graphic - Fill","hd":false},{"ty":"tr","p":{"a":0,"k":[259,-301.5],"ix":2},"a":{"a":0,"k":[0,0],"ix":1},"s":{"a":0,"k":[100,100],"ix":3},"r":{"a":0,"k":0,"ix":6},"o":{"a":0,"k":100,"ix":7},"sk":{"a":0,"k":0,"ix":4},"sa":{"a":0,"k":0,"ix":5},"nm":"Transform"}],"nm":"Rectangle 1","np":3,"cix":2,"bm":0,"ix":3,"mn":"ADBE Vector Group","hd":false}],"ip":0,"op":601,"st":0,"bm":0},{"ddd":0,"ind":19,"ty":4,"nm":"button - 1","parent":16,"sr":1,"ks":{"o":{"a":0,"k":100,"ix":11},"r":{"a":0,"k":0,"ix":10},"p":{"a":0,"k":[1.842,-378.451,0],"ix":2},"a":{"a":0,"k":[94.153,36.597,0],"ix":1},"s":{"a":0,"k":[100,100,100],"ix":6}},"ao":0,"shapes":[{"ty":"gr","it":[{"ind":0,"ty":"sh","ix":1,"ks":{"a":0,"k":{"i":[[4.591,0],[0,0],[0,4.591],[-4.591,0],[0,0],[0,-4.591]],"o":[[0,0],[-4.591,0],[0,-4.591],[0,0],[4.591,0],[0,4.591]],"v":[[85.557,8.347],[-85.556,8.347],[-93.904,0],[-85.556,-8.347],[85.557,-8.347],[93.904,0]],"c":true},"ix":2},"nm":"Path 1","mn":"ADBE Vector Shape - Group","hd":false},{"ty":"fl","c":{"a":0,"k":[1,1,1,1],"ix":4},"o":{"a":0,"k":100,"ix":5},"r":1,"bm":0,"nm":"Fill 1","mn":"ADBE Vector Graphic - Fill","hd":false},{"ty":"tr","p":{"a":0,"k":[94.153,8.597],"ix":2},"a":{"a":0,"k":[0,0],"ix":1},"s":{"a":0,"k":[100,100],"ix":3},"r":{"a":0,"k":0,"ix":6},"o":{"a":0,"k":100,"ix":7},"sk":{"a":0,"k":0,"ix":4},"sa":{"a":0,"k":0,"ix":5},"nm":"Transform"}],"nm":"Group 1","np":2,"cix":2,"bm":0,"ix":1,"mn":"ADBE Vector Group","hd":false}],"ip":0,"op":601,"st":0,"bm":0},{"ddd":0,"ind":20,"ty":4,"nm":"button - 2","parent":16,"sr":1,"ks":{"o":{"a":0,"k":100,"ix":11},"r":{"a":0,"k":0,"ix":10},"p":{"a":0,"k":[1.842,-368.224,0],"ix":2},"a":{"a":0,"k":[94.153,8.597,0],"ix":1},"s":{"a":0,"k":[100,100,100],"ix":6}},"ao":0,"shapes":[{"ty":"gr","it":[{"ind":0,"ty":"sh","ix":1,"ks":{"a":1,"k":[{"i":{"x":0.2,"y":1},"o":{"x":0.4,"y":0},"t":118.721,"s":[{"i":[[4.591,0],[0,0],[0,4.591],[-4.591,0],[0,0],[0,-4.591]],"o":[[0,0],[-4.591,0],[0,-4.591],[0,0],[4.591,0],[0,4.591]],"v":[[85.557,8.347],[-85.556,8.347],[-93.904,0],[-85.556,-8.347],[85.557,-8.347],[93.904,0]],"c":true}]},{"i":{"x":0.833,"y":1},"o":{"x":0.167,"y":0},"t":124.32,"s":[{"i":[[4.701,0],[0,0],[0,5.348],[-4.701,0],[0,0],[0,-5.348]],"o":[[0,0],[-4.701,0],[0,-5.348],[0,0],[4.701,0],[0,5.348]],"v":[[87.611,9.724],[-87.611,9.724],[-96.158,0],[-87.611,-9.724],[87.611,-9.724],[96.158,0]],"c":true}]},{"i":{"x":0.6,"y":1},"o":{"x":0.8,"y":0},"t":232.4,"s":[{"i":[[4.701,0],[0,0],[0,5.348],[-4.701,0],[0,0],[0,-5.348]],"o":[[0,0],[-4.701,0],[0,-5.348],[0,0],[4.701,0],[0,5.348]],"v":[[87.611,9.724],[-87.611,9.724],[-96.158,0],[-87.611,-9.724],[87.611,-9.724],[96.158,0]],"c":true}]},{"t":238,"s":[{"i":[[4.591,0],[0,0],[0,4.591],[-4.591,0],[0,0],[0,-4.591]],"o":[[0,0],[-4.591,0],[0,-4.591],[0,0],[4.591,0],[0,4.591]],"v":[[85.557,8.347],[-85.556,8.347],[-93.904,0],[-85.556,-8.347],[85.557,-8.347],[93.904,0]],"c":true}]}],"ix":2},"nm":"Path 1","mn":"ADBE Vector Shape - Group","hd":false},{"ty":"fl","c":{"a":1,"k":[{"i":{"x":[0.2],"y":[1]},"o":{"x":[0.4],"y":[0]},"t":118.721,"s":[1,1,1,1]},{"i":{"x":[0.2],"y":[1]},"o":{"x":[0.167],"y":[0]},"t":124.32,"s":[0.654901981354,0.678431391716,1,1]},{"i":{"x":[0.2],"y":[1]},"o":{"x":[0.4],"y":[0]},"t":232.4,"s":[0.654901981354,0.678431391716,1,1]},{"t":238,"s":[1,1,1,1]}],"ix":4},"o":{"a":0,"k":100,"ix":5},"r":1,"bm":0,"nm":"Fill 1","mn":"ADBE Vector Graphic - Fill","hd":false},{"ty":"tr","p":{"a":0,"k":[94.153,8.597],"ix":2},"a":{"a":0,"k":[0,0],"ix":1},"s":{"a":0,"k":[100,100],"ix":3},"r":{"a":0,"k":0,"ix":6},"o":{"a":0,"k":100,"ix":7},"sk":{"a":0,"k":0,"ix":4},"sa":{"a":0,"k":0,"ix":5},"nm":"Transform"}],"nm":"Group 1","np":2,"cix":2,"bm":0,"ix":1,"mn":"ADBE Vector Group","hd":false}],"ip":0,"op":601,"st":0,"bm":0},{"ddd":0,"ind":21,"ty":4,"nm":"button - 3","parent":16,"sr":1,"ks":{"o":{"a":0,"k":100,"ix":11},"r":{"a":0,"k":0,"ix":10},"p":{"a":0,"k":[1.842,-329.997,0],"ix":2},"a":{"a":0,"k":[94.153,8.597,0],"ix":1},"s":{"a":0,"k":[100,100,100],"ix":6}},"ao":0,"shapes":[{"ty":"gr","it":[{"ind":0,"ty":"sh","ix":1,"ks":{"a":1,"k":[{"i":{"x":0.2,"y":1},"o":{"x":0.4,"y":0},"t":232.4,"s":[{"i":[[4.591,0],[0,0],[0,4.591],[-4.591,0],[0,0],[0,-4.591]],"o":[[0,0],[-4.591,0],[0,-4.591],[0,0],[4.591,0],[0,4.591]],"v":[[85.557,8.347],[-85.556,8.347],[-93.904,0],[-85.556,-8.347],[85.557,-8.347],[93.904,0]],"c":true}]},{"i":{"x":0.833,"y":1},"o":{"x":0.167,"y":0},"t":238,"s":[{"i":[[4.701,0],[0,0],[0,5.348],[-4.701,0],[0,0],[0,-5.348]],"o":[[0,0],[-4.701,0],[0,-5.348],[0,0],[4.701,0],[0,5.348]],"v":[[87.611,9.724],[-87.611,9.724],[-96.158,0],[-87.611,-9.724],[87.611,-9.724],[96.158,0]],"c":true}]},{"i":{"x":0.6,"y":1},"o":{"x":0.8,"y":0},"t":288.4,"s":[{"i":[[4.701,0],[0,0],[0,5.348],[-4.701,0],[0,0],[0,-5.348]],"o":[[0,0],[-4.701,0],[0,-5.348],[0,0],[4.701,0],[0,5.348]],"v":[[87.611,9.724],[-87.611,9.724],[-96.158,0],[-87.611,-9.724],[87.611,-9.724],[96.158,0]],"c":true}]},{"t":298.48046875,"s":[{"i":[[4.591,0],[0,0],[0,4.591],[-4.591,0],[0,0],[0,-4.591]],"o":[[0,0],[-4.591,0],[0,-4.591],[0,0],[4.591,0],[0,4.591]],"v":[[85.557,8.347],[-85.556,8.347],[-93.904,0],[-85.556,-8.347],[85.557,-8.347],[93.904,0]],"c":true}]}],"ix":2},"nm":"Path 1","mn":"ADBE Vector Shape - Group","hd":false},{"ty":"fl","c":{"a":1,"k":[{"i":{"x":[0.2],"y":[1]},"o":{"x":[0.4],"y":[0]},"t":232.4,"s":[1,1,1,1]},{"i":{"x":[0.6],"y":[1]},"o":{"x":[0.431],"y":[0]},"t":238,"s":[0.654901981354,0.678431391716,1,1]},{"i":{"x":[0.6],"y":[1]},"o":{"x":[0.8],"y":[0]},"t":288.4,"s":[0.654901981354,0.678431391716,1,1]},{"t":298.48046875,"s":[1,1,1,1]}],"ix":4},"o":{"a":0,"k":100,"ix":5},"r":1,"bm":0,"nm":"Fill 1","mn":"ADBE Vector Graphic - Fill","hd":false},{"ty":"tr","p":{"a":0,"k":[94.153,8.597],"ix":2},"a":{"a":0,"k":[0,0],"ix":1},"s":{"a":0,"k":[100,100],"ix":3},"r":{"a":0,"k":0,"ix":6},"o":{"a":0,"k":100,"ix":7},"sk":{"a":0,"k":0,"ix":4},"sa":{"a":0,"k":0,"ix":5},"nm":"Transform"}],"nm":"Group 1","np":2,"cix":2,"bm":0,"ix":1,"mn":"ADBE Vector Group","hd":false}],"ip":0,"op":601,"st":0,"bm":0},{"ddd":0,"ind":22,"ty":4,"nm":"Layer 23","parent":16,"sr":1,"ks":{"o":{"a":0,"k":100,"ix":11},"r":{"a":0,"k":0,"ix":10},"p":{"a":0,"k":[1.842,-147.313,0],"ix":2},"a":{"a":0,"k":[118.324,34.752,0],"ix":1},"s":{"a":0,"k":[100,100,100],"ix":6}},"ao":0,"shapes":[{"ty":"gr","it":[{"ind":0,"ty":"sh","ix":1,"ks":{"a":1,"k":[{"i":{"x":0.2,"y":1},"o":{"x":0.001,"y":0},"t":127.68,"s":[{"i":[[15.891,0],[0,0],[0,15.891],[0,0],[-15.891,0],[0,0],[0,-15.891],[0,0]],"o":[[0,0],[-15.891,0],[0,0],[0,-15.891],[0,0],[15.891,0],[0,0],[0,15.891]],"v":[[89.181,34.502],[-89.181,34.502],[-118.074,5.609],[-118.074,-5.61],[-89.181,-34.502],[89.181,-34.502],[118.074,-5.61],[118.074,5.609]],"c":true}]},{"i":{"x":0.999,"y":1},"o":{"x":0.001,"y":0},"t":144.48,"s":[{"i":[[15.891,0],[0,0],[0,15.891],[0,0],[-15.891,0],[0,0],[0,-15.891],[0,0]],"o":[[0,0],[-15.891,0],[0,0],[0,-15.891],[0,0],[15.891,0],[0,0],[0,15.891]],"v":[[1.681,30.752],[-1.681,30.752],[-30.574,1.859],[-30.574,-1.86],[-1.681,-30.752],[1.681,-30.752],[30.574,-1.86],[30.574,1.859]],"c":true}]},{"i":{"x":0.2,"y":1},"o":{"x":0.4,"y":0},"t":239.68,"s":[{"i":[[15.891,0],[0,0],[0,15.891],[0,0],[-15.891,0],[0,0],[0,-15.891],[0,0]],"o":[[0,0],[-15.891,0],[0,0],[0,-15.891],[0,0],[15.891,0],[0,0],[0,15.891]],"v":[[1.681,30.752],[-1.681,30.752],[-30.574,1.859],[-30.574,-1.86],[-1.681,-30.752],[1.681,-30.752],[30.574,-1.86],[30.574,1.859]],"c":true}]},{"t":258.16015625,"s":[{"i":[[15.891,0],[0,0],[0,15.891],[0,0],[-15.891,0],[0,0],[0,-15.891],[0,0]],"o":[[0,0],[-15.891,0],[0,0],[0,-15.891],[0,0],[15.891,0],[0,0],[0,15.891]],"v":[[89.181,34.502],[-89.181,34.502],[-118.074,5.609],[-118.074,-5.61],[-89.181,-34.502],[89.181,-34.502],[118.074,-5.61],[118.074,5.609]],"c":true}]}],"ix":2},"nm":"Path 1","mn":"ADBE Vector Shape - Group","hd":false},{"ty":"fl","c":{"a":1,"k":[{"i":{"x":[0.2],"y":[1]},"o":{"x":[0.001],"y":[0]},"t":127.68,"s":[0.957000014361,0.305999995213,0.305999995213,1]},{"i":{"x":[0.999],"y":[1]},"o":{"x":[0.001],"y":[0]},"t":144.48,"s":[0.305999994278,0.957000017166,0.934023559093,1]},{"i":{"x":[0.2],"y":[1]},"o":{"x":[0.4],"y":[0]},"t":239.68,"s":[0.305999994278,0.957000017166,0.934023559093,1]},{"t":258.16015625,"s":[0.957000017166,0.305999994278,0.305999994278,1]}],"ix":4},"o":{"a":0,"k":100,"ix":5},"r":1,"bm":0,"nm":"Fill 1","mn":"ADBE Vector Graphic - Fill","hd":false},{"ty":"tr","p":{"a":0,"k":[118.324,34.752],"ix":2},"a":{"a":0,"k":[0,0],"ix":1},"s":{"a":0,"k":[100,100],"ix":3},"r":{"a":0,"k":0,"ix":6},"o":{"a":0,"k":100,"ix":7},"sk":{"a":0,"k":0,"ix":4},"sa":{"a":0,"k":0,"ix":5},"nm":"Transform"}],"nm":"Group 1","np":2,"cix":2,"bm":0,"ix":1,"mn":"ADBE Vector Group","hd":false}],"ip":0,"op":601,"st":0,"bm":0},{"ddd":0,"ind":23,"ty":4,"nm":"Layer 24","parent":16,"sr":1,"ks":{"o":{"a":0,"k":100,"ix":11},"r":{"a":0,"k":0,"ix":10},"p":{"a":0,"k":[1.842,-0.786,0],"ix":2},"a":{"a":0,"k":[19.68,19.68,0],"ix":1},"s":{"a":0,"k":[100,100,100],"ix":6}},"ao":0,"shapes":[{"ty":"gr","it":[{"ind":0,"ty":"sh","ix":1,"ks":{"a":0,"k":{"i":[[0,-10.731],[10.731,0],[0,10.731],[-10.731,0]],"o":[[0,10.731],[-10.731,0],[0,-10.731],[10.731,0]],"v":[[19.43,0],[0,19.43],[-19.43,0],[0,-19.43]],"c":true},"ix":2},"nm":"Path 1","mn":"ADBE Vector Shape - Group","hd":false},{"ty":"fl","c":{"a":0,"k":[0.889999988032,0.898000021542,0.987999949736,1],"ix":4},"o":{"a":0,"k":100,"ix":5},"r":1,"bm":0,"nm":"Fill 1","mn":"ADBE Vector Graphic - Fill","hd":false},{"ty":"tr","p":{"a":0,"k":[19.68,19.68],"ix":2},"a":{"a":0,"k":[0,0],"ix":1},"s":{"a":0,"k":[100,100],"ix":3},"r":{"a":0,"k":0,"ix":6},"o":{"a":0,"k":100,"ix":7},"sk":{"a":0,"k":0,"ix":4},"sa":{"a":0,"k":0,"ix":5},"nm":"Transform"}],"nm":"Group 1","np":2,"cix":2,"bm":0,"ix":1,"mn":"ADBE Vector Group","hd":false}],"ip":0,"op":601,"st":0,"bm":0},{"ddd":0,"ind":24,"ty":4,"nm":"Layer 25","parent":16,"sr":1,"ks":{"o":{"a":0,"k":100,"ix":11},"r":{"a":0,"k":0,"ix":10},"p":{"a":0,"k":[1.842,-707.101,0],"ix":2},"a":{"a":0,"k":[38.658,3.372,0],"ix":1},"s":{"a":0,"k":[100,100,100],"ix":6}},"ao":0,"shapes":[{"ty":"gr","it":[{"ind":0,"ty":"sh","ix":1,"ks":{"a":0,"k":{"i":[[1.717,0],[0,0],[0,1.718],[-1.717,0],[0,0],[0,-1.717]],"o":[[0,0],[-1.717,0],[0,-1.717],[0,0],[1.717,0],[0,1.718]],"v":[[35.285,3.122],[-35.285,3.122],[-38.407,0],[-35.285,-3.122],[35.285,-3.122],[38.407,0]],"c":true},"ix":2},"nm":"Path 1","mn":"ADBE Vector Shape - Group","hd":false},{"ty":"fl","c":{"a":0,"k":[0.889999988032,0.898000021542,0.987999949736,1],"ix":4},"o":{"a":0,"k":100,"ix":5},"r":1,"bm":0,"nm":"Fill 1","mn":"ADBE Vector Graphic - Fill","hd":false},{"ty":"tr","p":{"a":0,"k":[38.658,3.372],"ix":2},"a":{"a":0,"k":[0,0],"ix":1},"s":{"a":0,"k":[100,100],"ix":3},"r":{"a":0,"k":0,"ix":6},"o":{"a":0,"k":100,"ix":7},"sk":{"a":0,"k":0,"ix":4},"sa":{"a":0,"k":0,"ix":5},"nm":"Transform"}],"nm":"Group 1","np":2,"cix":2,"bm":0,"ix":1,"mn":"ADBE Vector Group","hd":false}],"ip":0,"op":601,"st":0,"bm":0},{"ddd":0,"ind":25,"ty":4,"nm":"Layer 26","parent":16,"sr":1,"ks":{"o":{"a":0,"k":100,"ix":11},"r":{"a":0,"k":0,"ix":10},"p":{"a":0,"k":[1.842,-364.832,0],"ix":2},"a":{"a":0,"k":[163.781,331.266,0],"ix":1},"s":{"a":0,"k":[100,100,100],"ix":6}},"ao":0,"shapes":[{"ty":"gr","it":[{"ind":0,"ty":"sh","ix":1,"ks":{"a":0,"k":{"i":[[24.73,0],[0,0],[0,24.73],[0,0],[-24.73,0],[0,0],[0,-24.731],[0,0]],"o":[[0,0],[-24.73,0],[0,0],[0,-24.731],[0,0],[24.73,0],[0,0],[0,24.73]],"v":[[118.568,331.016],[-118.567,331.016],[-163.531,286.052],[-163.531,-286.051],[-118.567,-331.016],[118.568,-331.016],[163.532,-286.051],[163.532,286.052]],"c":true},"ix":2},"nm":"Path 1","mn":"ADBE Vector Shape - Group","hd":false},{"ty":"fl","c":{"a":0,"k":[0.889999988032,0.898000021542,0.987999949736,1],"ix":4},"o":{"a":0,"k":100,"ix":5},"r":1,"bm":0,"nm":"Fill 1","mn":"ADBE Vector Graphic - Fill","hd":false},{"ty":"tr","p":{"a":0,"k":[163.781,331.266],"ix":2},"a":{"a":0,"k":[0,0],"ix":1},"s":{"a":0,"k":[100,100],"ix":3},"r":{"a":0,"k":0,"ix":6},"o":{"a":0,"k":100,"ix":7},"sk":{"a":0,"k":0,"ix":4},"sa":{"a":0,"k":0,"ix":5},"nm":"Transform"}],"nm":"Group 1","np":2,"cix":2,"bm":0,"ix":1,"mn":"ADBE Vector Group","hd":false}],"ip":0,"op":601,"st":0,"bm":0},{"ddd":0,"ind":26,"ty":4,"nm":"Layer 27","parent":16,"sr":1,"ks":{"o":{"a":0,"k":100,"ix":11},"r":{"a":0,"k":0,"ix":10},"p":{"a":0,"k":[1.842,-342.198,0],"ix":2},"a":{"a":0,"k":[187.547,379.372,0],"ix":1},"s":{"a":0,"k":[100,100,100],"ix":6}},"ao":0,"shapes":[{"ty":"gr","it":[{"ind":0,"ty":"sh","ix":1,"ks":{"a":0,"k":{"i":[[24.73,0],[0,0],[0,24.73],[0,0],[-24.73,0],[0,0],[0,-24.731],[0,0]],"o":[[0,0],[-24.73,0],[0,0],[0,-24.731],[0,0],[24.73,0],[0,0],[0,24.73]],"v":[[142.334,379.122],[-142.333,379.122],[-187.298,334.158],[-187.298,-334.157],[-142.333,-379.122],[142.334,-379.122],[187.298,-334.157],[187.298,334.158]],"c":true},"ix":2},"nm":"Path 1","mn":"ADBE Vector Shape - Group","hd":false},{"ty":"fl","c":{"a":0,"k":[0.654999976065,0.677999997606,1,1],"ix":4},"o":{"a":0,"k":100,"ix":5},"r":1,"bm":0,"nm":"Fill 1","mn":"ADBE Vector Graphic - Fill","hd":false},{"ty":"tr","p":{"a":0,"k":[187.547,379.372],"ix":2},"a":{"a":0,"k":[0,0],"ix":1},"s":{"a":0,"k":[100,100],"ix":3},"r":{"a":0,"k":0,"ix":6},"o":{"a":0,"k":100,"ix":7},"sk":{"a":0,"k":0,"ix":4},"sa":{"a":0,"k":0,"ix":5},"nm":"Transform"}],"nm":"Group 1","np":2,"cix":2,"bm":0,"ix":1,"mn":"ADBE Vector Group","hd":false}],"ip":0,"op":601,"st":0,"bm":0},{"ddd":0,"ind":27,"ty":1,"nm":"White Solid 2","sr":1,"ks":{"o":{"a":0,"k":100,"ix":11},"r":{"a":0,"k":0,"ix":10},"p":{"a":0,"k":[1000,625,0],"ix":2},"a":{"a":0,"k":[900,600.5,0],"ix":1},"s":{"a":0,"k":[117.319,117.319,100],"ix":6}},"ao":0,"sw":1800,"sh":1201,"sc":"#ffffff","ip":0,"op":601,"st":0,"bm":0}],"markers":[]}